Abalos	ʔ a b a l o s
Abao	ʔ aː b a w
Abapo	ʔ a b a p o
Abayon	ʔ a b a j o n
Abello	ʔ a b e l j o
Abesamis	ʔ a b e s a m i s
Ablanque	ʔ a b l a ŋ k e
Abra	ʔ a b ɾ a
Abragan	ʔ a b ɾ a ɡ a n
Abril	ʔ a b ɾ i l
Acebedo	ʔ a s e b e d o
Acera	ʔ a s e ɾ a
Achondo	ʔ a t s o n d o
Actub	ʔ a k t u b
Adan	ʔ a d a n
Adbentista	ʔ a d b e n t i s t a
Adbiyento	ʔ a d b i j e n t o
Adlawan	ʔ ɐ d l a w a n
Adlawan	ʔ ɐ d l a w ɐ n
Adolfo	ʔ a d o l p o
Agapay	ʔ a ɡ a p a j
Agas	a ɡ ɐ s
Agcaoili	ʔ a ɡ k a o j l i
Agdao	ʔ a ɡ d a w
Agnila	ʔ a ɡ n i l a
Agosto	ʔ a ɡ o s t o
Aguas	a ɡ w ɐ s
Aguilar	ʔ a ɡ i l a ɾ
Aklan	ʔ a k l a n
Ala	ʔ a l a
Alangilan	ʔ a l a ŋ i l a n
Albay	ʔ a l b a j
Alcazar	ʔ a l k a s a ɾ
Alcoy	ʔ a l k o j
Aldeguer	ʔ a l d e ɡ e ɾ
Aleosan	ʔ a l j o s a n
Alfeche	ʔ a l p e t s e
Alfonso	ʔ a l p o n s o
Alforque	ʔ a l p o ɾ k e
Alindajao	ʔ a l i n d a h a w
Almagro	ʔ a l m a ɡ ɾ o
Almirante	ʔ a l m i ɾ a n t e
Alolor	ʔ a l o l o ɾ
Alvarado	ʔ a l b a ɾ a d o
Amapola	ʔ a m a p o l a
Ambrosio	ʔ a m b ɾ o s j o
Amerikana	ʔ a m e ɾ i k a n a
Amerikano	ʔ a m e ɾ i k a n o
Ampuan	ʔ a m p u w a n
Anak	ʔ a n a k
Anda	ʔ a n d a
Andaloc	ʔ a n d a l o k
Andrade	ʔ a n d ɾ a d e
Anduyan	ʔ a n d u j a n
Ang	ʔ a ŋ
Anggot	ʔ a ŋ ɡ o t
Antecamara	ʔ a n t e k a m a ɾ a
Antique	ʔ a n t i k e
Apayao	ʔ a p a j a w
Aragon	ʔ a ɾ a ɡ o n
Arcaya	ʔ a ɾ k a j a
Arcenal	ʔ a ɾ s e n a l
Ardiente	ʔ a ɾ d i j e n t e
Arellano	ʔ a ɾ e l j a n o
Arevalo	ʔ a ɾ e b a l o
Arman	ʔ a ɾ m a n
Armando	ʔ a ɾ m a n d o
Arnaiz	ʔ a ɾ n a ʔ i s
Arnel	ʔ a ɾ n e l
Arriesgado	ʔ a ɾ j e s ɡ a d o
Arsenia	ʔ a ɾ s e n j a
Artemio	ʔ a ɾ t e m j o
Arturo	ʔ a ɾ t u ɾ o
Asok	ʔ a s o k
Asya	ʔ a s j a
Aton	ʔ a t o n
Auring	ʔ a w ɾ i ŋ
Aurora	ʔ a w ɾ o ɾ a
Austin	ʔ o s t i n
Avendaño	ʔ a b e n d a ɲ o
Ayuman	ʔ a j u m a n
Aznar	ʔ a s n a ɾ
Babao	b aː b a w
Bacalso	b a k a l s o
Baclayon	b a k l a j o n
Bacolod	b a k o l o d
Bacsarpa	b a k s a ɾ p a
Bacus	b a k u s
Badelles	b a d e l j e s
Bagnol	b a ɡ n o l
Baguio	b a ɡ j o
Balanay	b a l a n a j
Balatik	b a l a t i k
Balbuena	b a l b u w e n a
Balili	b a l i l i
Balilihan	b a l i l i h a n
Balingit	b a l i ŋ i t
Baltazar	b a l t a s a ɾ
Banaag	b a n a a ɡ
Banal	b a n a l
Bantayan	b ɐ n t aː j a n
Bantugan	b a n t u ɡ a n
Barcenas	b a ɾ s e n a s
Barrera	b a ɾ e ɾ a
Barrientos	b a ɾ j e n t o s
Bartilad	b a ɾ t i l a d
Barug	b a ɾ u ɡ
Basbas	b a s b a s
Basco	b a s k o
Basilan	b a s i l a n
Bataan	b a t a ʔ a n
Batanes	b a t a n e s
Batangas	b a t a ŋ ɡ a s
Bathala	b a t h a l a ʔ
Batikano	b a t i k a n o
Bautista	b a w t i s t a
Baylosis	b a j l o s i s
Bejasa	b e h a s a
Benguet	b e ŋ ɡ e t
Benito	b e n i t o
Berdin	b e ɾ d i n
Bernes	b e ɾ n e s
Berting	b e ɾ t i ŋ
Bibliya	b i b l i a
Bicada	b i k a d a
Biliran	b i l i ɾ a n
Binisaya	b i n i s a j a ʔ
Binolirao	b i n o l i ɾ a w
Bisaya	b i s a j a ʔ
Bisayawa	b i s a j a w a ʔ
Biyernes	b i j e ɾ n e s
Biyernes	b i ɾ n i s
Blanco	b l a ŋ k o
Bogohanon	b o ɡ o h a n o n
Bohol	b o h o l
Bolotaolo	b o l o t a w l o
Bong	b o ŋ
Bongcawil	b o ŋ k a w i l
Bonghanoy	b o ŋ h a n o j
Bongo	b o ŋ o
Bonilla	b o n i l j a
Bonjoc	b o n h o k
Borbon	b o ɾ b o n
Borja	b o ɾ h a
Borongan	b o ɾ o n ɡ a n
Borres	b o r e s
Borromeo	b o ɾ o m e j o
Brandon	b ɾ a n d o n
Brigoli	b ɾ i ɡ o l i
Buanghog	b u a ŋ h o ɡ
Buangjug	b u a ŋ h o ɡ
Bucol	b u k o l
Budong	b u d o ŋ
Buenavista	b w e n a b i s t a
Bugtai	b u ɡ t a j
Buhangin	b u h a ŋ i n
Bukidnon	b u k i d n o n
Bulacan	b u l a k a n
Bulan	b u l a n
Bunawan	b u n a w a n
Bunye	b u n j e
Buot	b u o t
Busano	b u s a n o
Butalid	b u t a l i d
Butuan	b u t w a n
Caadlawon	k a a d l a w o n
Cabahug	k a b a h u ɡ
Caballero	k a b a l j e ɾ o
Cabanalan	k a b a n a l a n
Cabanlit	k a b a n l i t
Cabatuan	k a b a t u ʔ a n
Cabello	k a b e l j o
Cabigas	k a b i ɡ a s
Cabrera	k a b ɾ e ɾ a
Cabungcal	k a b u ŋ k a l
Cadeliña	k a d e l i ɲ a
Cadiz	k a d i s
Cagas	k a ɡ a s
Cagayan	k a ɡ a j a n
Caharian	k a h a ɾ i ʔ a n
Cahoy	k a h o j
Caibigan	k a j b i ɡ a n
Cajandig	k a h a n d i ɡ
Calamba	k a l a m b a
Calamba	k a l a m b a ʔ
Calceña	k a l s e n j a
Cale	k a l e
Calinan	k a l i n a n
Calingasan	k a l i ŋ a s a n
Calipayan	k a l i p a j a n
Calooy	k a l o ʔ i
Calumpang	k a l u m p a ŋ
Camalig	k a m a l i ɡ
Camiguin	k a m i ɡ i n
Caminero	k a m i n e ɾ o
Candijay	k a n d i h a j
Cantoja	k a n t o h a
Capalaran	k a p a l a ɾ a n
Capistrano	k a p i s t ɾ a n o
Capiz	k a p i s
Capuyan	k a p u j a n
Carcar	k a ɾ k a ɾ
Carlito	k a ɾ l i t o
Carlos	k a ɾ l o s
Carlota	k a ɾ l o t a
Carmela	k a ɾ m e l a
Carreon	k a ɾ e o n
Casals	k a s a l s
Casiano	k a s j a n o
Casilag	k a s i l a ɡ
Casiño	k a s i n j o
Casper	k a s p e ɾ
Castañeda	k a s t a ɲ e d a
Castaños	k a s t a ɲ o s
Castillo	k a s t i l j o
Castillon	k a s t i l j o n
Casupang	k a s u p a ŋ
Catadman	k a t a d m a n
Cataquiz	k a t a k i s
Catarina	k a t a ɾ i n a
Catigbian	k a t i ɡ b j a n
Catipay	k a t i p a j
Catmon	k a t m o n
Catubo	k a t u b o
Cavite	k a b i t e
Cayanong	k a j a n o ŋ
Cañete	k a ɲ e t e
Cebu	s e b u
Cerna	s e ɾ n a
Chantal	s i a n t a l
Charlene	s j a ɾ l i n
Charlotte	s j a ɾ l o t
Chavez	t s a b e s
Chiong	t s i j o ŋ
Chiongbian	t s o ŋ b j a n
Cimafranca	s i m a p ɾ a ŋ k a
Cipriano	s i p ɾ i a n o
Clyde	k l j a d
Cokaliong	k o k a l i j o ŋ
Coloma	k o l o m a
Comendador	k o m e n d a d o ɾ
Cometa	k o m e t a
Conchita	k o n t s i t a
Contreras	k o n t ɾ e ɾ a s
Cordova	k o ɾ d o b a
Corella	k o ɾ e l j a
Corominas	k o ɾ o m i n a s
Cortes	k o ɾ t e s
Cotabato	k o t a b a t o
Coñado	k o n j a d o
Crispin	k ɾ i s p i n
Cruz	k ɾ u s
Cuevas	k u w e b a s
Cutamora	k u t a m o ɾ a
Cuyugan	k u j u ɡ a n
Cyril	s a j ɾ i l
Cyril	s i ɾ i l
Cyrus	s a j ɾ u s
Daanglungsod	d a ʔ a ŋ l u ŋ s o d
Daanlungsod	d a ʔ a n l u ŋ s o d
Dabaw	d a b a w
Dacanay	d a k a n a j
Dacumos	d a k u m o s
Dagdagan	d a ɡ d a ɡ a n
Dagohoy	d a ɡ o h o j
Dale	d a l e
Dale	d e i l
Danilo	d a n i l o
Daroca	d a ɾ u k a
Davao	d a b a w
Dave	d e i b
Dayanghirang	d a j a ŋ h i ɾ a ŋ
Dayrit	d a j ɾ i t
Demafeliz	d e m a p e l i s
Denser	d e n s e ɾ
Diaz	d i j a s
Dilao	d i l a w
Dimaano	d i m a a n o
Disyembre	d i s j e m b ɾ e
Divinagracia	d i b i n a ɡ ɾ a s j a
Diyos	d i j o s
Domeng	d o m e ŋ
Dominggo	d o m i ŋ ɡ o
Domingo	d o m i ŋ ɡ o
Dominguez	d o m i ŋ ɡ e s
Duavis	d u a b i s
Duhaylungsod	d u h a j l u ŋ s o d
Dumaguete	d u m a ɡ e t e
Dumanjug	d u m a ŋ h u ɡ
Dunggoan	d u ŋ ɡ o ʔ a n
Duran	d u ɾ a n
Duterte	d u t e ɾ t e
Edlyn	ʔ e d l i n
Edsel	ʔ e d s e l
Eduardo	ʔ e d u a ɾ d o
Eguia	ʔ e ɡ i j a
Elpidio	ʔ e l p i d j o
Eltanal	ʔ e l t a n a l
Emak	ʔ e m a k
Emborong	ʔ e m b o ɾ o ŋ
Enad	ɛː n a d
Encajas	ʔ e ŋ k a h a s
Enero	ʔ e n e ɾ o
Erning	ʔ e ɾ n i ŋ
Escaño	ʔ e s k a ɲ o
Escocia	ʔ e s k o s i j a
Esmar	ʔ e s m a ɾ
Esmeralda	ʔ e s m e ɾ a l d a
Espanyol	ʔ e s p a n j o l
Espina	ʔ e s p i n a
Estillore	ʔ e s t i l j o ɾ e
Estrella	ʔ e s t ɾ e l j a
Ethel	ʔ e t e l
Eulogia	ʔ e w l o h i j a
Fabian	p a b i j a n
Fabillar	p a b i l j a ɾ
Felisa	p e l i s a
Fernando	p e ɾ n a n d o
Flaviano	p l a b j a n o
Flores	p l o ɾ e s
Fonacier	p o n a s j e ɾ
Formentera	p o ɾ m e n t e ɾ a
Fortich	p o ɾ t i t s
Fortunado	p o ɾ t u n a d o
Francis	p ɾ a n s i s
Francisco	p ɾ a n s i s k o
Fuentes	p u w e n t e s
Gabo	ɡ a b o
Gabutan	ɡ a b u t a n
Gaite	ɡ a j t e
Gallardo	ɡ a l j a ɾ d o
Galolo	ɡ a l o l o
Gamay	ɡ a m a j
Garcia	ɡ a ɾ s i j a
Gary	ɡ a ɾ i
Gatchalian	ɡ a t s a l j a n
Gatpandan	ɡ a t p a n d a n
Gaviola	ɡ a b j o l a
Gayo	ɡ a j o
Genaro	h e n a ɾ o
Generalao	h e n e ɾ a l a w
Gerodias	h e ɾ o d i j a s
Gerodias	h e ɾ o d j a s
Getafe	h e t a p e
Gilmore	ɡ i l m o ɾ
Gina	d͡ʒ i n a
Girlie	ɡ i ɾ l i
Glenda	ɡ l e n d a
Golosino	ɡ o l o s i n o
Gomez	ɡ o m e s
Gonzaga	ɡ o n s a ɡ a
Gorgonio	ɡ o ɾ ɡ o n j o
Goryo	ɡ o ɾ j o
Gothong	ɡ o t o ŋ
Gregorio	ɡ ɾ e ɡ o ɾ j o
Gretchen	ɡ ɾ e t s e n
Guantero	ɡ u w a n t e ɾ o
Guimaras	ɡ i m a ɾ a s
Guindulman	ɡ i n d u l m a n
Guiting	ɡ i t i ŋ
Guiuan	ɡ i w a n
Guray	ɡ u ɾ a j
Guzman	ɡ u s m a n
Hagnaya	h a ɡ n a j a
Hambre	h a m b ɾ e
Heidi	h a j d i
Helot	h e l o t
Heolin	h j o l i n
Hisoler	h i s o l e ɾ
Holaysan	h o l a j s a n
Hudyo	h u d j o
Huertas	h u w e ɾ t a s
Hulyo	h u l j o
Hunyo	h u n j o
Huwebes	h w e b e s
Huybes	h u i b e s
Ibarra	ʔ i b a ɾ a
Ibañez	ʔ i b a ɲ e s
Ifugao	ʔ i p u ɡ a w
Iglupas	ʔ i ɡ l u p a s
Igot	ʔ i ɡ o t
Ilagan	ʔ i l a ɡ a n
Iligan	ʔ i l i ɡ a n
Iliganon	ʔ i l i ɡ a n o n
Iloilo	ʔ i l o ʔ i l o
Inabanga	ʔ i n a b a n ɡ a
Inilokano	ʔ i n i l o k a n o
Iningles	ʔ i n i n ɡ l e s
Ininsik	ʔ i n i n s i k
Insik	ʔ i n s i k
Intsik	ʔ ɪ n t͡ʃ i k
Isabela	ʔ i s a b e l a
Isip	ʔ i s i p
Isko	ʔ i s k o ʔ
Isla	ʔ i s l a
Jabagat	h a b a ɡ a t
Jagna	h a ɡ n a
Jalosjos	h a l o s j o s
Jean	d͡ʒ i n
Jennifer	d͡ʒ e n n i p e ɾ
Jetafe	h e t a p e
Jimenez	h i m e n e s
Jocelyn	d͡ʒ o s e l i n
John	d j a n
Jones	d j o n s
Jorge	h o r h ɛ
Jorolan	h o ɾ o l a n
Jose	h o s e
Josephus	d͡ʒ o s e p h u s
Joshua	d j o s j u w a
Juachon	h u a t s o n
Julieta	h u l j e t a
Jumalon	h u m a l o n
Jumawan	h u m a w a n
Jumawid	h u m a w i d
Junelito	d͡ʒ u n e l i t o
Junjun	d͡ʒ u n d͡ʒ u n
Junmar	d͡ʒ u n m a ɾ
Kabankalan	k a b a n k a l a n
Kahulugan	k a h u l u ɡ a n
Kalinga	k a l i ŋ a
Kaloy	k a l o j
Kamatayon	k a m a t a j o n
Kangurulsol	k a ŋ u ɾ u l s o l
Karingal	k a ɾ i ŋ a l
Kasambagan	k a s a m b a ɡ a n
Katsila	k a t s i l a ʔ
Kauswagan	k a ʔ u s w a ɡ a n
Kawit	k a w i t
Kevin	k e b i n
Khoo	k u
Kibra	k i b ɾ a
Kinatsila	k i n a t s i l a ʔ
Kintanar	k i n t a n a ɾ
Kirk	k i ɾ k
Kittilsvedt	k i t t i l s b e d t
Kristo	k ɾ i s t o
Kulas	k u l a s
Labastida	l a b a s t i d a
Lacaste	l a k a s t e
Lagcao	l a ɡ k a w
Laguna	l a ɡ u n a
Lajaylajay	l a h a j l a h a j
Lamanilao	l a m a n i l a w
Lancelot	l a n s e l o t
Lancelot	l ɑː n s ə l ɒ t
Lando	l a n d o
Lapinig	l a p i n i ɡ
Lapulapu	l a p u l aˑ p u
Larrazabal	l a r a s a b a l
Lastimosa	l a s t i m o s a
Laurel	l a w ɾ e l
Lauron	l a w ɾ o n
Lawas	l a w a s
Lebron	l e b ɾ o n
Ledesma	l e d e s m a
Lester	l e s t e ɾ
Leyson	l e i s o n
Leyte	l e i t e
Leytehanon	l e j t e h a n o n
Li	l i
Libjo	l i b h o ʔ
Libradilla	l i b ɾ a d i l j a
Ligutom	l i ɡ u t o m
Lila	l i l a
Limbaga	l i m b a ɡ a
Lisondra	l i s o n d ɾ a
Llanera	l j a n e ɾ a
Loay	l o a j
Lontayao	l o n t a j a w
Loon	l o o n
Lopez	l o p e s
Loreto	l o ɾ e t o
Luchavez	l u t s a b e s
Lucio	l u s j o
Ludo	l u d o
Lumad	l u m a d
Lunes	l u n e s
Maata	m a a t a
Macaling	m a k a l i ŋ
Macalipay	m a k a l i p a j
Macaraeg	m a k a ɾ a e ɡ
Mactan	m a k t a n
Madangit	m a d a ŋ i t
Madanguit	m a d a ŋ ɡ i t
Madarang	m a d a ɾ a ŋ
Madla	m a d l a
Mae	m e i
Mafalda	m a p a l d a
Magbanua	m a ɡ b a n u w a
Magburuhat	m a ɡ b u ɾ u h a t
Magdadaro	m a ɡ d a d a ɾ o
Maghanoy	m a ɡ h a n o j
Maglangit	m a ɡ l a ŋ i t
Magsayo	m a ɡ s a j o
Magsino	m a ɡ s i n o
Maguindanao	m a ɡ i n d a n a w
Magwayen	m a ɡ w a j e n
Majilom	m a h i l o m
Malicdem	m a l i k d e m
Malicse	m a l i k s e
Mallari	m a l j a ɾ i
Mamaclay	m a m a k l a j
Mamaril	m a m a ɾ i l
Mamintud	m a m i n t u d
Managatay	m a n a ɡ a t a j
Manalo	m a n a l o
Mananquil	m a n a ŋ k i l
Mandaue	m a n d a w e
Mandauehanon	m a n d a w e h a n o n
Mando	m a n d o
Mangubat	m a ŋ u b a t
Manila	m a n i l a
Manila	m a n i l a ʔ
Manilyn	m a n i l i n
Manny	m æ n i
Manolo	m a n o l o
Manoy	m a n o j
Mansueto	m a n s u w e t o
Manuelito	m a n u w e l i t o
Manzano	m a n s a n o
Marasigan	m a ɾ a s i ɡ a n
Maribel	m a ɾ i b e l
Marigondon	m a ɾ i ɡ o n d o n
Marilog	m a ɾ i l o ɡ
Marinduque	m a ɾ i n d u k e
Marisa	m a ɾ i s a
Marlon	m a ɾ l o n
Marso	m a ɾ s o
Martes	m a ɾ t e s
Martin	m a ɾ t i n
Martinez	m a ɾ t i n e s
Masbate	m a s b a t e
Matugas	m a t u ɡ a s
Mausisa	m a w s i s a
Maxilom	m a h i l u m
Maxilom	m a k s i l o m
Maymay	m a j m a j
Mayo	m a j o
Medina	m e d i n a
Melay	m e l a j
Melgar	m e l ɡ a ɾ
Mendoza	m e n d o s a
Mercader	m e ɾ k a d e ɾ
Merida	m e ɾ i d a
Micabalo	m i k a b aː l o
Miguel	m i ɡ e l
Minglanilla	m i ŋ ɡ l a n i ʎ a
Mintal	m i n t a l
Miro	m i ɾ o
Mitch	m i t s
Miyerkoles	m i j e ɾ k o l e s
Monoy	m o n o j
Montaner	m o n t a n e ɾ
Montebon	m o n t e b o n
Montejo	m o n t e h o
Montellano	m o n t e l j a n o
Montesino	m o n t e s i n o
Montillano	m o n t i l j a n o
Mosote	m o s o t e
Muklo	m u k l o ʔ
Mulong	m u l o ŋ
Murillo	m u ɾ i l j o
Nacion	n a s i j o n
Nanaman	n a n aː m a n
Nancy	n a n s i
Navarrete	n a b a ɾ e t e
Negros	n e ɡ ɾ o s
Nicart	n i k a ɾ t
Nicdao	n i k d a w
Nobiyembre	n o b i j e m b ɾ e
Nobyembre	n o b j e m b ɾ e
Norberto	n o ɾ b e ɾ t o
Nuñez	n u ɲ e s
Ocampo	ʔ o k a m p o
Ocaña	ʔ o k a ɲ a
Odtojan	ʔ o d t o h a n
Oktubre	ʔ o k t u b ɾ e
Olaivar	ʔ o l a j b a ɾ
Olarte	ʔ o l a ɾ t e
Olayvar	ʔ o l a j b a ɾ
Oliveros	ʔ o l i b e ɾ o s
Omahoy	ʔ o m a h o j
Omandam	ʔ o m a n d a m
Omisol	ʔ o m i s o l
Ompad	ʔ o m p a d
Ormocanon	ʔ o ɾ m o k a n o n
Orquillas	ʔ o ɾ k i l j a s
Ortega	ʔ o ɾ t e ɡ a
Ortiz	ʔ o ɾ t i s
Osmeña	ʔ o s m e ɲ a
Pacaldo	p a k a l d o
Pacifico	p a s i p i k o
Paculba	p a k u l b a
Padayhag	p a d a j h a ɡ
Pagadian	p a ɡ a d i ʔ a n
Pagaspas	p a ɡ a s p a s
Pahang	p a h a ŋ
Palad	p a l a d
Palafox	p a l a f o k s
Palafox	p a l a p o k s
Palawan	p a l a w a n
Pampanga	p a m p a n ɡ a
Panaligan	p a n a l i ɡ a n
Panganiban	p a ŋ a n i b a n
Pangasinan	p a ŋ ɡ a s i n a n
Panglao	p a ŋ l a w
Pansacala	p a n s a k a l a
Paquibato	p a k i b a t o
Paradero	p a ɾ a d e ɾ o
Pareja	p a ɾ e h a
Pascua	p a s k u w a
Pascual	p a s k u a l
Pasipiko	p a s i p i k o
Patalinghug	p a t a l i ŋ h u ɡ
Patalinjug	p a t a l i n h u ɡ
Paul	p o l
Pebrero	p e b ɾ e ɾ o
Pedro	p e d ɾ o
Pepito	p e p i t o
Peralta	p e ɾ a l t a
Perez	p e ɾ e s
Perfecto	p e ɾ p e k t o
Perla	p e ɾ l a
Permites	p e ɾ m i t e s
Petallana	p e t a l j a n a
Pichay	p i t s a j
Pikit	p i k i t
Pilapil	p i l a p i l
Pinadayag	p i n a d a j a ɡ
Piñero	p i ɲ e ɾ o
Plando	p l a n d o
Plaridel	p l a ɾ i d e l
Ponsing	p o n s i ŋ
Posadas	p o s a d a s
Postrano	p o s t ɾ a n o
Prince	p ɾ i n s
Pulido	p u l i d o
Querubin	k e ɾ u b i n
Quezon	k e s o n
Quiapo	k i a p o ʔ
Quiblat	k i b l a t
Quiboloy	k i b o l o j
Quidet	k i d e t
Quimpang	k i m p a ŋ
Quimpo	k i m p o
Quirino	k i ɾ i n o
Quiñones	k i ɲ o n e s
Rabago	ɾ a b a ɡ o
Ralph	ɾ a l p
Ramirez	ɾ a m i ɾ e s
Ratilla	ɾ a t i l j a
Razonable	ɾ a s o n a b l e
Regencia	ɾ e h e n s j a
Regina	ɾ e d͡ʒ i n a
Restauro	ɾ e s t a w ɾ o
Reyes	ɾ e j e s
Ricky	ɾ i k k i
Rizal	ɾ i s a l
Roa	ɾ o a
Rocky	ɾ o k k i
Rodrigo	ɾ o d ɾ i ɡ o
Rodriguez	ɾ o d ɾ i ɡ e s
Rojas	ɾ o h a s
Romblon	ɾ o m b l o n
Romero	ɾ o m e ɾ o
Romualdez	ɾ o m w a l d e s
Rosalinda	ɾ o s a l i n d a
Rosario	ɾ o s a ɾ j o
Rovira	ɾ o b i ɾ a
Roxanne	ɾ o k s a n
Rubilyn	ɾ u b i l i n
Ruedas	ɾ u e d a s
Rufino	ɾ u p i n o
Ruperto	ɾ u p e ɾ t o
Sabacahan	s a b a k a h a n
Sabado	s a b a d o
Sabaduquia	s a b a d u k j a
Sabarre	s a b a ɾ ɛ
Sabayton	s a b a j t o n
Sabellano	s a b e l j a n o
Sacabin	s a k a b i n
Sacdalan	s a k d a l a n
Sagay	s a ɡ a j
Sagaysay	s a ɡ a j s a j
Salac	s a l a k
Salazar	s a l a s a ɾ
Salcedo	s a l s e d o
Sales	s a l e s
Saligumba	s a l i ɡ u m b a
Salinas	s a l i n a s
Saliot	s a l j o t
Salugsugan	s a l u ɡ s u ɡ a n
Salvador	s a l b a d o ɾ
Samar	s a m a ɾ
Samarnon	s a m a ɾ n o n
Sambag	s a m b a ɡ
Sanchez	s a n t s e s
Sanciangko	s ɐ n t͡ʃ a ŋ k o
Sanson	s a n s o n
Santiago	s a n t i a ɡ o
Santillan	s a n t i l j a n
Sarangani	s a ɾ a ŋ ɡ a n i
Sarona	s a ɾ o n a
Satumbaga	s a t u m b a ɡ a
Saturnino	s a t u ɾ n i n o
Sayson	s a j s o n
Seno	s e n o
Septiyembre	s e p t e m b ɾ e
Septiyembre	s e p t i j e m b ɾ e
Serging	s e ɾ ɡ i ŋ
Sevilla	s e b i l j a
Siaton	s j a t o n
Simbajon	s i m b a h o n
Sinangote	s i n a ŋ ɡ o t e
Singson	s i ŋ s o n
Sinugboanon	s i n u ɡ b o ʔ a n o n
Siquijor	s i k i h o ɾ
Soque	s o k e
Sorsogon	s o ɾ s o ɡ o n
Sotto	s o t o
Spencer	s p e n s e ɾ
Stephanie	s t e p a n i
Suan	s u a n
Suarez	s u a ɾ e s
Suganob	s u ɡ a n o b
Sugbo	s u ɡ b o
Sulu	s u l u
Sumagang	s u m a ɡ a ŋ
Sumalpong	s u m a l p o ŋ
Sumilang	s u m i l a ŋ
Sumugat	s u m u ɡ a t
Surigao	s u ɾ i ɡ a w
Sweet	s w e e t
Sy	s i
Tabuelog	t a b u w e l o ɡ
Tabunok	t a b u n o k
Taganos	t a ɡ a n o s
Tagbilaran	t a ɡ b i l a ɾ a n
Tajanlangit	t a h a n l a ŋ i t
Talamban	t a l a m b a n
Talomo	t a l o m o
Talya	t a l j a
Talyo	t a l j o
Tamala	t a m a l a
Tampos	t a m p o s
Tampus	t a m p u s
Tandingan	t a n d i ŋ a n
Taneo	t a n e o
Tangonan	t a ŋ o n a n
Tarlac	t a ɾ l a k
Taruc	t a ɾ u k
Tatlonghari	t a t l o ŋ h a ɾ i ʔ
Tecling	t e k l i ŋ
Tejada	t e h a d a
Teodoro	t i j o d o ɾ o
Teresita	t e ɾ e s i t a
Tersona	t e ɾ s o n a
Tiffany	t i p p a n i
Timoteo	t i m o t e o
Tinagalog	t i n a ɡ a l o ɡ
Toledo	t o l e d o
Toledohanon	t o l e d o h a n o n
Tomas	t o m a s
Toril	t o ɾ i l
Torres	t o ɾ e s
Trisha	t ɾ i s j a
Trixie	t ɾ i k s i
Troy	t ɾ o j
Tubigon	t u b i ɡ o n
Tugnao	t u ɡ n a w
Tumagna	t u m a ɡ n a
Tumulak	t u m u l a k
Turo	t u ɾ o
Tuñacao	t u ɲ a k a w
Ubalde	ʔ u b a l d e
Ubanan	ʔ u b a n a n
Ubas	ʔ u b a s
Ubod	ʔ u b o d
Ugay	ʔ u ɡ a j
Ugmad	ʔ u ɡ m a d
Ulalong	ʔ u l a l o ŋ
Ulan	ʔ u l a n
Ulyamot	ʔ u l j a m o t
Umpad	ʔ u m p a d
Unabia	ʔ u n a b j a
Unajan	ʔ u n a h a n
Ungab	ʔ u ŋ a b
Ungria	ʔ u ŋ ɡ ɾ i j a
Unlanan	ʔ u n l a n a n
Vanessa	b a n e s a
Vanguardia	b a ŋ ɡ u w a ɾ d i j a
Vasquez	b a s k e s
Velasquez	b e l a s k e s
Venus	b iː n̪ ʊ s
Vicente	b i s e n t e
Villafuerte	b i l j a p u w e ɾ t e
Villanueva	b i l j a n u w e b a
Vincent	b i n s e n t
Viray	b i ɾ a j
Visaya	b i s̺ a j a ʔ
Walog	w a l o ɡ
Wilbert	w i l b e ɾ t
Wurtzbach	w u ɾ t s b a k
Yabut	j a b u t
Yacapin	j a k a p i n
Yagyagan	j a ɡ j a ɡ a n
Yap	j a p
Yañez	j a ɲ e s
Ybañez	ʔ i b a ɲ e s
Ybut	ʔ i b u t
Ylaya	ʔ i l a j a ʔ
Yoyoy	j o j o j
Yvonne	ʔ i b o n
Zalsos	s a l s o s
Zambales	s a m b a l e s
Zamora	s a m o ɾ a
abaga	ʔ a b a ɡ a
abaka	ʔ a b a k a
abakadhan	ʔ a b a k a d h a n
abaniko	ʔ a b a n i k o
abano	ʔ a b a n o
abenyu	ʔ a b e n j u
aber	ʔ a b e ɾ
aberiya	ʔ a b e ɾ i a
abilidad	ʔ a b i l i d a d
abiso	ʔ a b i s o
abito	ʔ a b i t o
abli	ʔ a b l i
abo	ʔ a b o
abog	ɐ b u ɡ
abogado	ʔ a b o ɡ a d o
abogago	ʔ a b o ɡ a ɡ o
abogasiya	ʔ a b o ɡ a s i j a
abohan	ʔ a b o h a n
abohon	ʔ a b o h o n
abokado	ʔ a b o k a d o
abono	ʔ a b o n o
abot	a b ʊ t̪
abrebisyon	ʔ a b ɾ e b i s j o n
abri	ʔ a b ɾ i
abrigo	ʔ a b ɾ i ɡ o
absolusyon	ʔ a b s o l u s j o n
absuwelto	ʔ a b s u w e l t o
abtanan	ʔ a b t a n a n
abud	ʔ a b u d
aburido	ʔ a b u ɾ i d o
abutra	ʔ a b u t ɾ a
abyan	ʔ a b j a n
abyanan	ʔ a b j a n a n
abyerto	ʔ a b j e ɾ t o
abyogan	ʔ a b j o ɡ a n
abyon	ʔ a b j o n
adelantado	ʔ a d e l a n t a d o
adelpa	ʔ a d e l p a
adia	ʔ a d i ʔ a
adlaw	ʔ a d l a w
adlawan	ʔ a d l a w a n
administrador	ʔ a d m i n i s t ɾ a d o ɾ
administrasiyon	ʔ a d m i n i s t ɾ a s i j o n
administratibo	ʔ a d m i n i s t ɾ a t i b o
admiral	ʔ a d m i ɾ a l
adres	ʔ a d ɾ e s
adto	ʔ a d t o
aduna	ʔ a d u n a
adunahan	ʔ a d u n a h a n
adunay	ʔ a d u n a j
agalon	ʔ a ɡ a l o n
agalon	ʔ a ɡ a w o n
agaw	ʔ a ɡ a w
agawon	ʔ a ɡ a w o n
agay	ʔ a ɡ a j
aghop	ʔ a ɡ h o p
agianan	ʔ a ɡ i ʔ a n a n
agigising	ʔ a ɡ i ɡ i s i ŋ
agila	ʔ a ɡ i l a
agridulse	ʔ a ɡ ɾ i d u l s e
aguho	ʔ a ɡ u h o ʔ
ahedres	ʔ a h e d ɾ e s
ahensiya	ʔ a h e n s i a
ahente	ʔ a h e n t e
aho	ʔ a h o
ahos	ʔ a h o s
ajaw	ʔ a d͡ʒ a w
akademiya	ʔ a k a d e m i j a
akasya	ʔ a k a s j a
akasyahan	ʔ a k a s j a h a n
aklas	ʔ a k l a s
ako	ʔ a h o ʔ
ako	ʔ a k o
ako	ʔ a k o ʔ
akoa	ʔ a h o ʔ a
akoa	ʔ a k o ʔ a
aksidente	ʔ a k s i d e n t e
aksiyon	ʔ a k s i j o n
aksyon	ʔ a k s j o n
aktibidades	ʔ a k t i b i d a d e s
akurdiyon	ʔ a k u ɾ d i j o n
akusar	ʔ a k u s a ɾ
akusasyon	ʔ a k u s a s j o n
ala	ʔ a l a
ala	ʔ a l a ʔ
alagad	ʔ a l a ɡ a d
alahas	ʔ a l a h a s
alahero	ʔ a l a h e ɾ o
alak	ʔ a l a k
alakaak	ʔ a l a k a ʔ a k
alamag	ʔ a l a m a ɡ
alambre	ʔ a l a m b ɾ e
alamdag	ʔ a l a m d a ɡ
alampoanan	a l a m p o a n a n
alang	ʔ a l a ŋ
alanganin	ʔ a l a ŋ a n i n
alangilan	ʔ a l a ŋ i l a n
alarma	ʔ a l a ɾ m a
alasan	ʔ a l a s a n
alat	ʔ a l a t
alegasyon	ʔ a l e ɡ a s j o n
alegoriya	ʔ a l e ɡ o ɾ i j a
alegre	ʔ a l e ɡ ɾ e
aleluya	ʔ a l e l u j a
alibangbang	ʔ a l i b a ŋ b a ŋ
alibyo	ʔ a l i b j o
aligi	ʔ a l i ɡ i
alikate	ʔ a l i k a t e
alimango	ʔ a l i m a ŋ o
alimasag	ʔ a l i m a s a ɡ
alimatok	ʔ a l i m a t o k
alimpatakan	ʔ a l i m p a t a k a n
alimpulo	a j i m p u j o
alimpulo	a l̪ i m p o
alimpulo	a l̪ i m p u d ʒ o
alimpulo	a l̪ i m p u l̪ o
alimpulos	ʔ a j i m p u j o s
alimpulos	ʔ a l i m p o s
alimpulos	ʔ a l i m p u d͡ʒ o s
alimpulos	ʔ a l i m p u l o s
alimyon	ʔ a l i m j o n
alindahaw	ʔ a l i n d a h a w
alindanaw	ʔ a l i n d a n a w
alingagngag	a l i ŋ a ɡ ŋ a ɡ
alipunga	ʔ a l i p u ŋ a
alkalde	ʔ a l k a l d e
almirol	ʔ a l m i ɾ o l
almoranas	ʔ a l m o ɾ a n a s
alpa	ʔ a l p a
alpabeto	ʔ a l p a b e t o
alpombra	ʔ a l p o m b ɾ a
alsa	ʔ a l s a
alungaing	ʔ a l u ŋ a ʔ i ŋ
alyas	ʔ a l j a s
ama	ʔ a m a
amag	ʔ a m a ɡ
amahan	ʔ a m a h a n
amaon	ʔ a m a ʔ o n
amapola	ʔ a m a p o l a
amarilyo	ʔ a m a ɾ i l j o
amaw	ʔ a m a w
amba	a m b a ʔ
ambak	ʔ a m b a k
ambuhotan	ʔ a m b u h o t a n
ambulansiya	ʔ a m b u l a n s i j a
amendar	ʔ a m e n d a ɾ
amerikana	ʔ a m e ɾ i k a n a
amigo	ʔ a m i ɡ o
amihan	ʔ a m i h a n
amihanan	ʔ a m i h a n a n
amihananon	ʔ a m i h a n a n o n
amnestiya	ʔ a m n e s t i j a
amoa	ʔ a m o ʔ a
amonya	ʔ a m o n j a
ampaw	ʔ a m p a w
amping	ʔ a m p i ŋ
amplipikasyon	ʔ a m p l i p i k a s j o n
ana	ʔ a n a ʔ
anaa	ʔ a n a ʔ a
anahaw	ʔ a n a h a w
anak	ʔ a n a k
anakon	ʔ a n a k o n
anas	ʔ a n a s
anay	ʔ a n a j
andam	ʔ a n d a m
andamyo	ʔ a n d a m j o
anemya	ʔ a n e m j a
ang	ʔ a ŋ
anga	ʔ a ŋ a
angga	ʔ a ŋ ɡ a ʔ
anghel	ʔ a ŋ h e l
anghit	ʔ a ŋ h i t
angkan	ʔ a ŋ k a n
angkla	ʔ a ŋ k l a
angso	ʔ a ŋ s o
angtod	ʔ a ŋ t o d
anha	ʔ a n h a ʔ
anhi	ʔ a n h i
anhing	ʔ a n h i ŋ
ani	ʔ a n i
ania	ʔ a n i ʔ a
anii	ʔ a n i ʔ i
anilaw	ʔ a n i l a w
animal	ʔ a n i m a l
anindot	ʔ a n i n d o t
aninipot	ʔ a n i n i p o t
anino	ʔ a n i n o
anod	ʔ a n o d
anso	ʔ a n s o
antepara	ʔ a n t e p a ɾ a
antigo	ʔ a n t i ɡ o
antisipasyon	ʔ a n t i s i p a s j o n
antod	ʔ a n t o d
antuan	ʔ a n t u ʔ a n
anyag	ʔ a n j a ɡ
apapangig	ʔ a p a p a ŋ i ɡ
apatot	ʔ a p a t o t
apdo	ʔ a p d o
apektado	ʔ a p e k t a d o
apelyido	ʔ a p e l j i d o
aping	ʔ a p i ŋ
apo	ʔ a p o
apostol	ʔ a p o s t o l
aprobado	ʔ a p ɾ o b a d o
apupa	ʔ a p u p a
apura	ʔ a p u ɾ a
apurado	ʔ a p u ɾ a d o
arak	ʔ a ɾ a k
ari	ʔ a ɾ i
arisgado	ʔ a ɾ i s ɡ a d o
arisgar	ʔ a ɾ i s ɡ a ɾ
aritis	ʔ a ɾ i t i s
ariyos	ʔ a ɾ i j o s
arkipelago	ʔ a ɾ k i p e l a ɡ o
arkitekto	ʔ a ɾ k i t e k t o
arsobispado	ʔ a ɾ s o b i s p a d o
arsobispo	ʔ a ɾ s o b i s p o
asa	ʔ a s a
asawa	ʔ a s a w a
aseras	ʔ a s e ɾ a s
asete	ʔ a s e t e
asin	ʔ a s i n
aslom	ʔ a s l o m
aso	ʔ a s o
asosasyon	ʔ a s o s a s j o n
aspalto	ʔ a s p a l t o
asukar	ʔ a s u k a ɾ
asul	ʔ a s u l
asupre	ʔ a s u p ɾ e
aswang	ʔ a s w a ŋ
asyoso	ʔ a s j o s o
ata	ʔ a t a ʔ
atab	ʔ a t a b
atabay	ʔ a t a b a j
atake	ʔ a t a k e
atay	ʔ a t a j
atis	ʔ a t i s
atngal	ʔ a t ŋ a l
ato	ʔ a t o
atol	ʔ a t o l
atop	ʔ a t o p
atsay	ʔ a t s a j
atsoy	ʔ a t s o j
atua	ʔ a t u ʔ a
atuli	ʔ a t u l i
away	ʔ a w a j
awto	ʔ a w t o
awtorisar	ʔ a w t o ɾ i s a ɾ
ayaay	ʔ a j a ʔ a j
ayam	ʔ a d͡ʒ a m
ayam	ʔ a j a m
ayaw	ʔ a d͡ʒ a w
ayaw	ʔ a j a w
ayo	ʔ a d͡ʒ o
ayo	ʔ a j o
ayohanan	ʔ a j o h a n a n
ayroplano	ʔ a j ɾ o p l a n o
ba	b a
ba	b aː
baang	b a ʔ a ŋ
baba	b a b a
baba	b a ʔ b a
babaw	b a b a w
babay	b a b a j
babaye	b a b a d͡ʒ e
babaye	b a b a j e
babaylan	b a b a j l a n
baboy	b a b o j
badlis	b a d l i s
badlit	b a d l i t
badudoy	b a d u d o j
badyet	b a d j e t
baga	b a ɡ a
baga	b a ɡ a ʔ
bagad	b a ɡ a d
bagakay	b a ɡ a k a j
bagani	b a ɡ a n i ʔ
bagaso	b a ɡ a s o
bagat	b a ɡ a t
bagito	b a ɡ i t o
bago	b a ɡ o
bago	b a ɡ o ʔ
bagol	b a ɡ o l
bagon	b a ɡ o n
bagongon	b a ɡ o ŋ o n
bagos	b a ɡ o s
bagsak	b a ɡ s a k
bagtas	b a ɡ t a s
bagtos	b a ɡ t o s
bagyo	b a ɡ j o
bahaanan	b a h a ʔ a n a n
bahad	b a h a d
bahada	b a h a d a
bahag	b a h a ɡ
bahal	b a h a l
bahalina	b a h a l i n a
bahandi	b a h a n d i
bahandianon	b a h a n d i ʔ a n o n
bahaw	b a h a w
baho	b a h o
baho	b a h o ʔ
bahon	b a h o n
baka	b a k a
bakak	b a k a k
bakal	b a k a l
bakilid	b a k i l i d
baklad	b a k l a d
baklay	b a k l a j
bako	b a k o ʔ
bakos	b a k o s
baktas	b a k t a s
bakukang	b a k u k a ŋ
bakuna	b a k u n a
bakunawa	b a k u n a w a
bakwitanan	b a k w i t a n a n
balai	b a l a ʔ i
balalatok	b a l a l a t o k
balanak	b a l a n a k
balangay	b a l a ŋ a j
balanghoy	b a l a ŋ h o j
balanse	b a l a n s e
balaod	b a l a ʔ o d
balaodnon	b a l a ʔ o d n o n
balaoron	b a l a ʔ o ɾ o n
balas	b a l a s
balas	b a s
balas	b aː s
balasahon	b a l a s a h o n
balat	b a l a t
balatian	b a l a t i ʔ a n
balatok	b a l a t o k
balatong	b a l a t o ŋ
balaw	b a l a w
balawis	b a l a w i s
balay	b a j
balay	b a j a j
balay	b a l a j
balaya	b a j a
balaya	b a j a j a
balaya	b a j a ɪ ə
balaya	b a l̪ a d ʒ a
balaya	b a l̪ a j a
balaya	b a l̪ a ɪ ə
balaya	b a ɪ ə
balaye	b a l a j e
balayi	b a l a j i
balbakuwa	b a l b a k u w a
balbal	b a l b a l
balda	b a l d a
balde	b a l d e
balete	b a l e t e
balhibo	b a l h i b o
balhiboon	b a l h i b o ʔ o n
bali	b a l̪ i
bali	b a l̪ i ʔ
balibago	b a l i b a ɡ o
balik	b a l i k
balikutsa	b a l i k u t s a
balili	b a l i l i
balinsasayaw	b a l i n s a s a j a w
balintong	b a l i n t o ŋ
balion	b a l i ʔ o n
baliskad	b a l i s k a d
balita	b a l i t a ʔ
balite	b a l i t e
balod	b a l o d
balon	b a j o n
balon	b a l o n
balon	b a w o n
balos	b a l o s
balukag	b a l u k a ɡ
balungbong	b a l u ŋ b o ŋ
balyena	b a l j e n a
bana	b a n a
bana	b a n a ʔ
banak	b a n a k
banalam	b a n a l a m
banalo	b a n a l o
banawa	b a n aˑ w a ʔ
banay	b a n a j
bandera	b a n d e ɾ a
bandido	b a n d i d o
banga	b a ŋ a
banga	b a ŋ a ʔ
bangag	b a ŋ a ɡ
bangaw	b a ŋ a w
bangawog	b a ŋ a w o ɡ
bangga	b a ŋ ɡ a ʔ
bangka	b a ŋ k a
bangka	b a ŋ k a ʔ
bangkarota	b a ŋ k a ɾ o t a
bangkarote	b a ŋ k a ɾ o t e
bangkil	b a ŋ k i l
bangko	b a ŋ k o
bangko	b a ŋ k o ʔ
bangon	b a ŋ o n
banig	b a n i ɡ
banigan	b a n i ɡ a n
banika	b a n i k a
banikanhon	b a n i k a n h o n
banilad	b a n i l a d
banog	b a n o ɡ
banogon	b a n o ɡ o n
banta	b a n t a ʔ
bantay	b a n t a j
bantog	b a n t o ɡ
bantogan	b a n t o ɡ a n
bantol	b a n t o l
banwa	b a n w a
banwaanon	b a n w a ʔ a n o n
banyaga	b a n j a ɡ a ʔ
banyera	b a n j e ɾ a
banyo	b a n j o
bao	b a ʔ o ʔ
baog	b a ʔ o ɡ
baol	b a ʔ o l
barag	b a ɾ a ɡ
barang	b a ɾ a ŋ
barangay	b a ɾ a ŋ ɡ a j
barato	b a ɾ a t o
barbekyu	b a ɾ b e k j u
barikutsa	b a ɾ i k u t s a
barkada	b a ɾ k a d a
barnis	b a ɾ n i s
bartender	b a ɾ t e n d e ɾ
bartolina	b a ɾ t o l i n a
baruto	b a ɾ u t o
baryable	b a ɾ j a b l e
baryo	b a r j o
baryohanon	b a r j o h a n o n
basa	b a s a
basa	b a s a ʔ
basahon	b a s a h o n
basahonan	b a s a h o n a n
basak	b a s a k
basakan	b a s a k a n
basi	b a s i
basin	b a s i n
basiyo	b a s i j o
basket	b a s k e t
basketan	b a s k e t a n
basketbol	b a s k e t b o l
baskog	b a s k o ɡ
basol	b a s o l
bastardo	b a s t a ɾ d o
basura	b a s u ɾ a
basurahan	b a s u ɾ a h a n
basurero	b a s u ɾ e ɾ o
bat	b a t
bata	b a t a
bata	b a t a ʔ
batad	b a t a d
batadbatad	b a t a d b a t a d
batadila	b a t a d i l a ʔ
batak	b a t a k
batakan	b a t a k a n
batal	b a t a l
batalan	b a t a l a n
batalyon	b a t a l j o n
batang	b a t a ŋ
bataon	b a t a ʔ o n
batasan	b a t a s a n
batayan	b a t a j a n
batbat	b a t b a t
bateri	b a t e ɾ i
bateriya	b a t e ɾ i j a
bathay	b a t h a j
bati	b a t i
batid	b a t i d
batiis	b a t i ʔ i s
batikan	b a t i k a n
batil	b a t i l
batin	b a t i n
batiya	b a t i j a ʔ
bato	b a t o
batok	b a t o k
baton	b a t o n
batong	b a t o ŋ
batoon	b a t o ʔ o n
batsi	b a t s i
batsilyer	b a t s i l j e ɾ
batuta	b a t u t a ʔ
batwan	b a t w a n
batya	b a t j a
batyag	b a t j a ɡ
bawal	b a w a l
bawang	b a w a ŋ
bawi	b a w i ʔ
bawod	b a w o d
bawon	b a w o n
bawos	b a w o s
bay	b a j
bayabas	b a d͡ʒ a b a s
bayabas	b a j a b a s
bayad	b a d͡ʒ a d
bayad	b a j a d
bayat	b a j a t
bayaw	b a j a w
baybay	b a j b a j
baybayon	b a j b a j o n
baye	b a j e
bayle	b a j l e
baynte	b a j n t e
bayong	b a j o ŋ
bayot	b a j o t
bayoton	b a j o t o n
bayu	b a j u
belen	b e l e n
belib	b e l i b
bentana	b e n t a n a ʔ
bentilador	b e n t i l a d o ɾ
berde	b e ɾ d e
bersikulo	b e ɾ s i k u l o
berso	b e ɾ s o
beterana	b e t e ɾ a n a
beterano	b e t e ɾ a n o
bibi	b i b i
bibihan	b i b i h a n̪
bibingka	b i b i ŋ k a
bigiw	b i ɡ i w
bihag	b i h a ɡ
bihon	b i h o n
bika	b i k a
bikangkang	b i k a ŋ k a ŋ
biko	b i k o
bilang	b i l a ŋ
bilanggo	b i l a ŋ ɡ o ʔ
bilanggoan	b i l a ŋ ɡ o ʔ a n
bilar	b i l a ɾ
bilas	b i l a s
bilat	b i l a t
bildo	b i l d o
bili	b i l i
bilyar	b i l j a ɾ
binaboy	b i n a b o j
binalaye	b i n a l a j e
binalayi	b i n a l a j i
binali	b i n̪ a l̪ i
binali	b i n̪ a l̪ i ʔ
binangkal	b i n a ŋ k a l
binaolan	b i n a ʔ u l a n
binati	b i n a t i ʔ
binatonan	b i n a t o n a n
bingawog	b i ŋ a w o ɡ
bingkong	b i ŋ k o ŋ
binilanggo	b i n i l a ŋ ɡ o ʔ
binog	b i n o ɡ
bintana	b i n t a n a ʔ
binuotan	b i n u ʔ u t a n
bira	b i ɾ a
birada	b i ɾ a d a
birtud	b i ɾ t u d
bisan	b i s a n
bisdak	b i s d a k
bisikleta	b i s i k l e t a
bisita	b i s i t a
biskuwit	b i s k u i t
biskwit	b i s k w i t
bisperas	b i s p e ɾ a s
bisugo	b i s u ɡ o
bitad	b i t a d
bitaw	b i t a w
bitay	b i t a j
bitbit	b i t b i t
bitok	b i t o k
bitokon	b i t o k o n
bitoon	b i t o ʔ o n
bitsin	b i t s i n
bituon	b i t u ʔ o n
biyabas	b i a b a s
biyahe	b i a h e
blitskrig	b l i t s k ɾ i ɡ
bloke	b l o k e
blotter	b l a t e ɾ
boda	b o d a
bodega	b o d e ɡ a
bodegero	b o d e ɡ e ɾ o
bodka	b o d k a
bogtai	b o ɡ t a j
bokabularyo	b o k a b u l a ɾ j o
bokasyon	b o k a s j o n
bolakaw	b o l a k a w
bolinaw	b o l i n a w
bolkan	b o l k a n
bolpen	b o l p e n
boltahe	b o l t a h e
bombay	b u m b a ɪ
bombero	b o m b e ɾ o
bondying	b o n d j i ŋ
bosina	b o s i n a
boso	b o s o
bosyo	b o s j o
botar	b o t a ɾ
botas	b o t a s
bote	b o t e
botelya	b o t e l j a
botete	b o t e t e
botik	b o t i k
botika	b o t i k a
boto	b o t o
boykot	b o j k o t
braso	b ɾ a s o
bringhinas	b ɾ i ŋ h i n a s
brip	b ɾ i p
buak	b u ʔ a k
buang	b u ʔ a ŋ
buaya	b u ʔ a j a
bubo	b u b o
bubo	b u b o ʔ
bubo	b u ʔ b o ʔ
budaya	b u d a j a
budhi	b u d h i ʔ
bugang	b u ɡ a ŋ
bugaong	b u ɡ a o ŋ
bugas	b u ɡ a s
bugaw	b u ɡ a w
bugay	b u ɡ a j
bugdo	b u ɡ d o
bughaw	b u ɡ h a w
bugnaw	b u ɡ n a w
bugnay	b u ɡ n a j
bugoy	b u ɡ ɔ ɪ
bugtong	b u ɡ t o ŋ
buhat	b u h a t
buhatan	b u h a t a n
buhi	b u h i ʔ
buhis	b u h i s
buhok	b u h o k
bukag	b u k a ɡ
bukbok	b u k b o k
bukid	b u k i d
bukidnon	b u k i d n o n
buklad	b u k l a d
bukobuko	b u k o ʔ b u k o ʔ
bukol	b u k o l
bukton	b u k t o n
buktot	b u k t o t
bukya	b u k j a
bulad	b u l a d
bulak	b u l a k
bulakbol	b u l a k b o l
bulalakaw	b u l a l a k a w
bulan	b u a n
bulan	b u l a n
bulan	b u w a n
bulang	b u l a ŋ
bulang	b u w a ŋ
bulangan	b u l a ŋ a n
bulaw	b u l a w
bulawan	b u a w a n
bulawan	b u l a w a n
bulbol	b u l b o l
buldog	b u l d o ɡ
bulhog	b u l h o ɡ
buli	b u l i
buli	b u l i ʔ
bulig	b u l i ɡ
bulinaw	b u l i n a w
bulkan	b u l k a n
bulod	b u d
bulod	b u j o d
bulod	b u l o d
bulog	b u l o ɡ
bulogan	b u l o ɡ a n
bulto	b u l t o
buluak	b u l u ʔ a k
bumbilya	b u m b i l j a
bunal	b u n a l
bunga	b u ŋ a
bungahoy	b u ŋ a h o j
bungaw	b u ŋ a w
bunggo	b u ŋ ɡ o ʔ
bungi	b u ŋ i ʔ
bungol	b u ŋ o l
bungsod	b u ŋ s o d
bungtod	b u ŋ t o d
buno	b u n o ʔ
bunog	b u n o ɡ
bunot	b u n o t
bunsod	b u n s o d
buntag	b u n t a ɡ
buntod	b u n t o d
bunwag	b u n w a ɡ
bunyag	b u n j a ɡ
bunyagan	b u n j a ɡ a n
buok	b u ʔ o k
buol	b u ʔ o l
buot	b u ʔ o t
buotan	b u ʔ u t a n
buotbuot	b u ʔ u t b u ʔ o t
buraw	b u ɾ a w
burikat	b u ɾ i k a t
burong	b u ɾ o ŋ
buros	b u ɾ o s
burot	b u ɾ o t
busay	b u s a j
buskay	b u s k a j
buslot	b u s l o t
busog	b u s o ɡ
butakal	b u t a k a l
butakaw	b u t a k a w
butanding	b u t a n d i ŋ
butang	b u t a ŋ
butanganan	b u t a ŋ a n a n
butbot	b u t b o t
butkon	b u t k o n
buto	b u t o ʔ
butod	b u t o d
butong	b u t o ŋ
buwad	b u w a d
buwakaw	b u a k a w
buwan	b u w a n
buwang	b u w a ŋ
buwangan	b u a ŋ a n
buwisit	b u i s i t
buyang	b u j a ŋ
buyon	b u j o n
buyong	b u j o ŋ
byuti	b j u t i
calculator	k a l k j u l e i t o ɾ
da	d æ
da	d ɑ
daan	d a ʔ a n
dagami	d a ɡ a m i
dagan	d a ɡ a n
dagandang	d a ɡ a n d a ŋ
dagangdang	d a ɡ a ŋ d a ŋ
dagat	d a ɡ a t
dagaton	d a ɡ a t o n
daghan	d a ɡ h a n
dagit	d a ɡ i t
dagkotanan	d a ɡ k o t a n a n
dagom	d a ɡ o m
dagomdagom	d a ɡ o m d a ɡ o m
daguldol	d a ɡ u l d o l
dagway	d a ɡ w a j
dahil	d a h i l
dahom	d a h o m
dahon	d a h o n
dail	d a ʔ i l
daing	d a ʔ i ŋ
dakbalay	d a k b a l a j
dakbayan	d a k b a j a n
dako	d a k o ʔ
daktol	d a k t o l
dalag	d a j a ɡ
dalag	d a l a ɡ
dalag	d a ɡ
dalaga	d a l a ɡ a
dalagangdang	d a l a ɡ a ŋ d a ŋ
dalaginding	d a l a ɡ i n d i ŋ
dalagita	d a l a ɡ i t a
dalan	d a l a n
dalan	d a n
dali	d a l i ʔ
dalikdik	d a l i k d i k
dalipunga	d a l i p u ŋ a
dalo	d a l o ʔ
dalugdog	d a l u ɡ d o ɡ
dalunggan	d a l u ŋ ɡ a n
dalunggan	d a w u ŋ ɡ a n
dalunggan	d u ŋ ɡ a n
damang	d a m a ŋ
damay	d a m a j
damgo	d a m ɡ o
damlag	d a m l a ɡ
dampog	d a m p o ɡ
danaw	d a n a w
dangaw	d a ŋ a w
danggit	d a ŋ ɡ i t
daog	d a ʔ o ɡ
daot	d a ʔ o t
daotan	d a ʔ o t a n
daotdaot	d a ʔ o t d a ʔ o t
dapat	d a p a t
daplin	d a p l i n
daro	d a ɾ o
daster	d a s t e ɾ
dato	d a t o ʔ
datu	d aː t u ʔ
dawa	d a w a
dawende	d a w e n d e
dawugdog	d a w u ɡ d o ɡ
day	d a j
dayap	d a j a p
dayaper	d a j a p e ɾ
dayeg	d a j e ɡ
dayhag	d a j h a ɡ
dayo	d a d͡ʒ o
dayo	d a j o
dayon	d a j o n
deboto	d e b o t o
dedbol	d e d b o l
dekada	d e k a d a
dekorar	d e k o ɾ a ɾ
dekorasyon	d e k o ɾ a s j o n
delikado	d e l i k a d o
deliryo	d e l i ɾ j o
denotasyon	d e n o t a s j o n
dentista	d e n t i s t a
desisyon	d e s i s j o n
desperado	d e s p e ɾ a d o
detalye	d e t a l j e
determinasyon	d e t e ɾ m i n a s j o n
dewende	d e w e n d e
diin	d i ʔ i n
diksyonaryo	d i k s j o n a ɾ j o
dila	d i l a ʔ
dili	d i l i ʔ
dili	d i ʔ
dinaganan	d i n a ɡ a n a n
dinhi	d i n h i
diri	d i ɾ i
diriyot	d i ɾ i j o t
disenteriya	d i s e n t e ɾ i j a
diskuwento	d i s k u w e n t o
disposisyon	d i s p o s i s j o n
dita	d i t a ʔ
diwa	d i w a ʔ
diwata	d i w a t a
diyakono	d i a k o n o
diyos	d i j o s
diyot	d i j o t
diyotay	d i j o t a j
diyutay	d i j u t a j
dodong	d o d o ŋ
doktor	d o k t o ɾ
dolongan	d o l o ŋ a n
dong	d o ŋ
dorado	d o ɾ a d o
dose	d o s e
drayber	d ɾ a j b e ɾ
dribol	d ɾ i b o l
duaw	d u ʔ a w
dubok	d u b o k
duga	d u ɡ a ʔ
duganganan	d u ɡ a ŋ a n a n
dugay	d u ɡ a j
dugdog	d u ɡ d o ɡ
dughan	d u ɡ h a n
dughit	d u ɡ h i t
dugo	d u ɡ o ʔ
dugos	d u ɡ o s
dugta	d u ɡ t a ʔ
duha	d u h a
duhawit	d u h a w i t
dukesa	d u k e s a
duko	d u k o ʔ
dukot	d u k o t
dula	d u l a ʔ
dula	d u w a ʔ
dulaan	d u a ʔ a n
dulaan	d u l a ʔ a n
dulok	d u l o k
dulom	d u l o m
dulon	d u j o n
dulon	d u l o n
dulon	d u w o n
dulondulon	d u l o n d u l o n
dulong	d u l o ŋ
dulong	d u ŋ
dulong	d uː ŋ
dulot	d u l o t
dulse	d u l s e
dumadaktol	d u m a d a k t o l
dumala	d u m a l a
dumog	d u m o ɡ
dunggab	d u ŋ ɡ a b
dunggan	d u ŋ ɡ a n
dunggo	d u ŋ ɡ o ʔ
dunggoanan	d u ŋ ɡ o ʔ a n a n
dungog	d u ŋ o ɡ
duong	d u ʔ o ŋ
duot	d u ʔ o t
durugista	d u ɾ u ɡ i s t a
duruha	d u ɾ u h a
dusmo	d u s m o ʔ
dusmog	d u s m o ɡ
duso	d u s o ʔ
duwa	d u w a ʔ
dyambol	d͡ʒ a m b o l
dyanitor	d j a n i t o ɾ
dyip	d͡ʒ i p
edipisyo	ʔ e d i p i s j o
edukado	ʔ e d u k a d o
edukasyon	ʔ e d u k a s j o n
ekek	ʔ e k e k
ekipahe	ʔ e k i p a h e
eklipse	ʔ e k l i p s e
eksaherado	ʔ e k s a h e ɾ a d o
eksakto	ʔ e k s a k t o
eksorsismo	ʔ e k s o ɾ s i s m o
eksplikar	ʔ e k s p l i k a ɾ
ektarya	ʔ e k t a ɾ j a
elegante	ʔ e l e ɡ a n t e
eleksyon	ʔ e l e k s j o n
elektrisyan	ʔ e l e k t ɾ i s j a n
elementarya	ʔ e l e m e n t a ɾ j a
elepante	ʔ e l e p a n t e
eliminasyon	ʔ e l i m i n a s j o n
embutido	ʔ e m b u t i d o
empleyada	ʔ e m p l e j a d a
empleyado	ʔ e m p l e j a d o
engkanto	ʔ e ŋ k a n t o
engrande	ʔ e n ɡ ɾ a n d e
ensaymada	ʔ e n s a j m a d a
ensomada	ʔ e n s o m a d a
entablado	ʔ e n t a b l a d o
enye	ʔ e n j e
ermat	ʔ e ɾ m a t
eroplano	ʔ e ɾ o p l a n o
erpat	ʔ e ɾ p a t
eskedyul	ʔ e s k e d j u l
eskina	ʔ e s k i n a
eskobilyo	ʔ e s k o b i l j o
eskudo	ʔ e s k u d o
eskultor	ʔ e s k u l t o ɾ
eskuwela	ʔ e s k u w e l a
eskuwelahan	ʔ e s k u w e l a h a n
esmagol	ʔ e s m a ɡ o l
esmeralda	ʔ e s m e ɾ a l d a
espada	ʔ e s p a d a
espeho	ʔ e s p e h o
espirito	ʔ e s p i ɾ i t o
espiritohanon	ʔ e s p i ɾ i t o h a n o n
espiritu	ʔ e s p i ɾ i t u
espirituhanon	ʔ e s p i ɾ i t u h a n o n
espiya	ʔ e s p i j a
espongha	ʔ e s p o ŋ h a
estatuwa	ʔ e s t a t u a
estorya	ʔ e s t o ɾ j a
estudyante	ʔ e s t u d͡ʒ a n t e
estudyante	ʔ i s t u d͡ʒ a n t i
estupido	ʔ e s t u p i d o
exag	ɪ k s ɑ d ʒ
exag	ɪ ɡ z ɑ d ʒ
flower	p l a w e ɾ
gaak	ɡ a ʔ a k
gaan	ɡ a ʔ a n
gaba	ɡ a b a
gabhianon	ɡ a b h i ʔ a n o n
gabi	ɡ a b i
gabii	ɡ a b i ʔ i
gabon	ɡ a b o n
gading	ɡ a d i ŋ
gadya	ɡ a d j a ʔ
gagmay	ɡ a ɡ m a j
gahi	ɡ a h i ʔ
gahom	ɡ a h o m
gajod	ɡ a d͡ʒ o d
galawgaw	ɡ a l a w ɡ a w
galay	ɡ a j a ɪ
galay	ɡ a l̪ a ɪ
galay	ɡ a ɪ
galon	ɡ a l o n
galyeta	ɡ a l j e t a
gama	ɡ a m a ʔ
gamay	ɡ a m a j
gamhanan	ɡ a m h a n a n
gamot	ɡ a m o t
gamotpulong	ɡ a m o t p u l o ŋ
gana	ɡ a n a
ganahan	ɡ a n a h a n
ganansiya	ɡ a n a n s i a
gang	ɡ a ŋ
ganggang	ɡ a ŋ ɡ a ŋ
gango	ɡ a ŋ o
gani	ɡ a n i ʔ
gapas	ɡ a p a s
gara	ɡ a ɾ a
garahe	ɡ a ɾ a h e
garay	ɡ a ɾ a j
garden	ɡ a ɾ d e n
garing	ɡ a ɾ i ŋ
garo	ɡ a ɾ o ʔ
gasolina	ɡ a s o l i n a
gasolinahan	ɡ a s o l i n a h a n
gatas	ɡ a t a s
gatos	ɡ a t o s
gaw	ɡ a w
gawas	ɡ a w a s
gayod	d͡ʒ u d
gayod	ɡ a d͡ʒ o d
gayod	ɡ a j o d
gayod	ɡ j u d
gayon	ɡ a d͡ʒ o n
gayon	ɡ a j o n
gerero	ɡ e ɾ e ɾ o
giatay	ɡ i ʔ a t a j
gigikanan	ɡ i ɡ i k a n a n
gikalag	ɡ i k a j a ɡ
gikalag	ɡ i k a l a ɡ
gikalag	ɡ i k a ɡ
gikan	ɡ i k a n
gilayon	ɡ i l a j o n
gimingaw	ɡ i m i ŋ a w
ginabii	ɡ i n a b i ʔ i
gingharian	ɡ i ŋ h a ɾ i ʔ a n
ginhawa	ɡ i n h a w a
ginikanan	ɡ i n i k a n a n
ginisal	ɡ i n i s a l
ginunting	ɡ i n u n t i ŋ
ginuntingan	ɡ i n u n t i ŋ a n
gira	ɡ i ɾ a
gisa	ɡ i s a
gisa	ɡ i s a ʔ
gisado	ɡ i s a d o
gisal	ɡ i s a l
gisaw	ɡ i s a w
gisi	ɡ i s i ʔ
gitara	ɡ i t a ɾ a
giti	ɡ i t i ʔ
glorya	ɡ l o ɾ j a
graba	ɡ ɾ a b a
gramatika	ɡ ɾ a m a t i k a
gripo	ɡ ɾ i p o
guapo	ɡ u a p o
guba	ɡ u b a ʔ
gubat	ɡ u b a t
gubot	ɡ u b o t
gugma	ɡ u ɡ m a
gulaman	ɡ u l a m a n
gulang	ɡ u l a ŋ
gumamela	ɡ u m a m e l a
gumaran	ɡ u m a ɾ a n
guna	ɡ u n a
gunit	ɡ u n i t
guno	ɡ u n o ʔ
gunting	ɡ u n t i ŋ
guot	ɡ u ʔ o t
gusok	ɡ u s o k
gutang	ɡ u t a ŋ
gutlo	ɡ u t l o ʔ
gutom	ɡ u t o m
guwang	ɡ u w a ŋ
guwapa	ɡ u a p a
guwapo	ɡ u a p o
guwatsi	ɡ u a t s i
guwatsinanggo	ɡ u w a t ʃ i n̪ a ŋ ɡ o
guwatsinanggo	ɡ u w a t̪ s̪ i n̪ a ŋ ɡ o
guyabano	ɡ u j a b a n o
guyod	ɡ u j o d
gwapa	ɡ w a p a
gwapo	ɡ w a p o
gyud	ɡ j u d
habagat	h a b a ɡ a t
habagatan	h a b a ɡ a t a n
habal	h a b a l
habalhabal	h a b a l h a b a l
habla	h a b l a
hablon	h a b l o n
habol	h a b o l
hagdan	h a ɡ d a n
hagdanan	h a ɡ d a n a n
hagnaya	h a ɡ n a j a
hagok	h a ɡ o k
hagtok	h a ɡ t o k
hakog	h a k o ɡ
halang	h a l a ŋ
halas	h a l a s
halas	h a s
halas	h aː s
halimaw	h a l i m a w
halimbawa	h a l i m b a w a ʔ
halingan	h a l i ŋ a n
halok	h a l o k
halwa	h a l w a
halwan	h a l w a n
hambog	h a m b o ɡ
hambogera	h a m b o ɡ e ɾ a
hambogero	h a m b o ɡ e ɾ o
hampang	h a m p a ŋ
hamugaway	h a m u ɡ a w a j
hanas	h a n a s
hang	h a ŋ
hangad	h a ŋ a d
hanger	h a ŋ e ɾ
hangga	h a ŋ ɡ a ʔ
hangin	h a ŋ i n
hangol	h a ŋ o l
hantak	h a n t a k
hantik	h a n t i k
hanting	h a n t i ŋ
hapon	h a p o n
harang	h a ɾ a ŋ
hardin	h a ɾ d i n
hari	h a ɾ i ʔ
harianon	h a ɾ i ʔ a n o n
harina	h a ɾ i n a
hasang	h a s a ŋ
hasler	h a s l e ɾ
hatag	h a t a ɡ
hatdog	h a t d o ɡ
hatkeyk	h a t k e j k
hatod	h a t o d
hawak	h a w a k
hawan	h a w a n
hawok	h a w o k
hayag	h a j a ɡ
hayahay	h a j a h a j
hayop	h a j o p
hayskol	h a j s k o l
helikopter	h e l i k o p t e ɾ
heneral	h e n e ɾ a l
hepa	h e p a
hepe	h e p e
heringgilya	h e ɾ i ŋ ɡ i l j a
hesusmaryosep	h e s u s m a ɾ j o s e p
hibalo	h i b a l o
hibi	h i b i
higad	h i ɡ a d
higala	h i ɡ a l a
higante	h i ɡ a n t e
higayon	h i ɡ a d͡ʒ o n
higayon	h i ɡ a j o n
higda	h i ɡ d a ʔ
higdaanan	h i ɡ d a ʔ a n a n
higot	h i ɡ o t
hikog	h i k o ɡ
hikot	h i k o t
hilabot	h i l a b o t
hilabtan	h i l a b t a n
hilabtanon	h i l a b t a n o n
hilabti	h i l a b t i
hilanat	h i l a n a t
hilaw	h i l a w
hilawas	h i l a w a s
hilig	h i l i ɡ
hilo	h i l o
hilom	h i l o m
hiloma	h i l o m a
hilomon	h i l o m o n
hilomon	h i l u m o n
hilot	h i l o t
himalad	h i m a l a d
himantayon	h i m a n t a j o n
himasa	h i m a s a
himasa	h i m a s a ʔ
himatayon	h i m a t a j o n
himo	h i m o ʔ
himuot	h i m u ʔ o t
hinabang	h i n a b a ŋ
hinagiban	h i n a ɡ i b a n
hinay	h i n a j
hinganib	h i ŋ a n i b
hinganiban	h i ŋ a n i b a n
hingatulog	h i ŋ a t u l o ɡ
hingaw	h i ŋ a w
hinginom	h i ŋ ʔ i n o m
hingugmo	h i ŋ u ɡ m o
hinguha	h i ŋ u h a ʔ
hinguko	h i ŋ u k o
hinguto	h i ŋ u t o
hinigugma	h i n i ɡ u ɡ m a
hinis	h i n i s
hinog	h i n o ɡ
hinudas	h i n u d a s
hinumdom	h i n u m d o m
hinungdan	h i n u ŋ d a n
hipag	h i p a ɡ
hipon	h i p o n
hipos	h i p o s
hiring	h i ɾ̪ i ŋ
hisgot	h i s ɡ o t
hita	h i t a ʔ
hito	h i t o ʔ
hitsura	h i t s u ɾ a
hitsura	i t s u ɾ a
hiusa	h i ʔ u s a
honda	h o n d a
hopia	h o p j a ʔ
hopya	h o p j a ʔ
hospital	h o s p i t a l
hubad	h u b a d
hubag	h u b a ɡ
hubak	h u b a k
hubakon	h u b a k o n
hubas	h u b a s
hubo	h u b o ʔ
hubog	h u b o ɡ
hubon	h u b o n
hudas	h u d a s
hugas	h u ɡ a s
hugason	h u ɡ a s o n
hugaw	h u ɡ a w
hukom	h u k o m
hula	h u l a
hulad	h u l a d
hulagway	h u l a ɡ w a j
hulam	h u l a m
hulat	h u a t
hulat	h u l a t
hulay	h u l a j
hulbot	h u l b o t
hulga	h u l ɡ a ʔ
hulganan	h u l ɡ a n a n
hulhol	h u l h o l
hulog	h u l o ɡ
hulog	h u w o ɡ
humay	h u m a j
humba	h u m b a ʔ
humok	h u m o k
humot	h u m o t
hunas	h u n a s
hungit	h u ŋ i t
huot	h u ʔ o t
huramentado	h u ɾ a m e n t a d o
hurisdiksiyon	h u ɾ i s d i k s i j o n
husay	h u s a j
husgado	h u s ɡ a d o
huwad	h u a d
huwam	h u a m
huwat	h u a t
huyang	h u j a ŋ
huyop	h u j o p
huyuhoy	h u j u h o j
ibabaw	ʔ i b a b a w
iban	i b a n
ideyolohiya	ʔ i d e j o l o h i j a
ido	ʔ i d o ʔ
igat	ʔ i ɡ a t
igbaw	ʔ i ɡ b a w
igit	ʔ i ɡ i t
iglesya	ʔ i ɡ l e s j a
ignorante	ʔ i ɡ n o ɾ a n t e
igso	ʔ i ɡ s o ʔ
igsuon	ʔ i ɡ s u ʔ o n
igtagurha	ʔ i ɡ t a ɡ u ɾ h a
ihag	ʔ i h a ɡ
ihalas	ʔ i h a l a s
ihalas	ʔ i h a s
ihas	ʔ i h a s
ihayop	ʔ i h a j o p
ihi	ʔ i h i ʔ
iho	ʔ i h o
ija	ʔ i d͡ʒ a
ikaduha	i k a d u h a
ikaduha	i k ɐ d ʊ h ɐ
ikalima	i k a l̪ i m a
ikanapulo	i k a n a p u l ʊ ʔ
ikapito	ʔ i k a p i t o
ikasiyam	ʔ i k a s i a m
ikasiyam	ʔ i k a s i d͡ʒ a m
ikatulo	ʔ i k a t u l o
ikaunom	i k a u n ʊ m
ikaupat	i k a u p a t̪
ikaw	ʔ i k a w
ikawalo	i k a w ʌ l o
ikog	ʔ i k o ɡ
ila	ʔ i l a
ilad	ʔ i l a d
ilag	ʔ i l a ɡ
ilaga	ʔ i l a ɡ a ʔ
ilawod	ʔ i l a w d
ilawod	ʔ i l a w o d
ilaya	ʔ i l a j a
ilayanhon	ʔ i l a j a n h o n
ilihan	ʔ i l i h a n
iling	ʔ i l i ŋ
ilo	ʔ i l o
ilok	ʔ i l o k
ilusyon	ʔ i l u s j o n
imahe	ʔ i m a h e
imbes	ʔ i m b e s
imbestigar	ʔ i m b e s t i ɡ a ɾ
imbestigasyon	ʔ i m b e s t i ɡ a s j o n
imbitar	ʔ i m b i t a ɾ
imburnal	ʔ i m b u ɾ n a l
imnanan	ʔ i m n a n a n
imo	ʔ i m o
impakto	ʔ i m p a k t o
impeksyon	ʔ i m p e k s j o n
implementar	ʔ i m p l e m e n t a ɾ
implikar	ʔ i m p l i k a ɾ
implikasyon	ʔ i m p l i k a s j o n
importansiya	ʔ i m p o ɾ t a n s i a
importansya	ʔ i m p o ɾ t a n s j a
ina	ʔ i n a
inadlawan	ʔ i n a d l a w a n
inahan	ʔ i n a h a n
inanak	ʔ i n a n a k
inaon	ʔ i n a ʔ o n
indangan	ʔ i n d a ŋ a n
inday	ʔ i n d a j
indibidwal	ʔ i n d i b i d w a l
indong	ʔ i n d o ŋ
indulhensiya	ʔ i n d u l h e n s i j a
inga	i ŋ a ʔ
ingrato	ʔ i n ɡ ɾ a t o
init	ʔ i n i t
inkulkasyon	ʔ i n k u l k a s j o n
inom	ʔ i n o m
inosente	ʔ i n o s e n t e
insenso	ʔ i n s e n s o
instruksyon	ʔ i n s t ɾ u k s j o n
insulto	ʔ i n s u l t o
insumniyalak	ʔ i n s u m n i a l a k
interes	ʔ i n t e ɾ e s
internasyonal	ʔ i n t e ɾ n a s j o n a l
inunlan	ʔ i n u n l a n
inunom	i n u n ʊ m
inyo	ʔ i n j o
ipil	ʔ i p i l
ipos	ʔ i p o s
irigasyon	ʔ i ɾ i ɡ a s j o n
iring	ʔ i ɾ i ŋ
iro	ʔ i ɾ o ʔ
isda	ʔ i s d a ʔ
isi	ʔ i s i
isigkatawo	ʔ i s i ɡ k a ʔ i ŋ o n
isip	ʔ i s i p
isla	ʔ i s l a
isog	ʔ i s o ɡ
ispat	ʔ i s p a t
itik	ʔ i t i k
itikan	i t̪ i k a n̪
itlog	ʔ i t l o ɡ
ito	ʔ i t o ʔ
itom	ʔ i t o m
itoy	ʔ i t o j
itsura	ʔ i t s u ɾ a
iya	ʔ i a
iya	ʔ i d͡ʒ a
iyaha	ʔ i a h a
iyot	ʔ i j o t
jakol	d͡ʒ a k o l
jerjer	d͡ʒ e ɾ d͡ʒ e ɾ
jud	d͡ʒ u d
kaadlawon	k a ʔ a d l a w o n
kaajo	k a ʔ a d͡ʒ o
kaang	k a a ŋ
kaanyag	k a ʔ a n j a ɡ
kaaslom	k a ʔ a s l o m
kaaway	k a ʔ a w a j
kaayo	k a ʔ a d͡ʒ o
kaayo	k a ʔ a j o
kabakaba	k a b a k a b a
kabanay	k a b a n a j
kabanga	k a b a ŋ a
kabata	k a b a t a ʔ
kabaw	k a b a w
kabayo	k a b a j o
kabit	k a b i t
kabkab	k a b k a b
kabo	k a b o
kabo	k a b o ʔ
kabog	k a b o ɡ
kabuang	k a b u ʔ a ŋ
kabukiran	k a b u k i ɾ a n
kabuntagon	k a b u n t a ɡ o n
kadagatan	k a d a ɡ a t a n
kadagkoan	k a d a ɡ k o ʔ a n
kadaogan	k a d a ʔ o ɡ a n
kadena	k a d e n a
kadiyot	k a d i j o t
kadlawon	k a d l a w n
kadlawon	k a d l a w o n
kadto	k a d t o
kadugo	k a d u ɡ o ʔ
kaduha	k a d̪ u h a
kadula	k a d u l a ʔ
kaeskuyla	k a ʔ e s k u i l a
kagabhion	k a ɡ a b h i ʔ o n
kagabii	k a ɡ a b i ʔ i
kagahapon	k a ɡ a h a p o n
kagamhanan	k a ɡ a m h a n a n
kagaw	k a ɡ a w
kagawasan	k a ɡ a w a s a n
kagibuhi	k a ɡ i b u h i ʔ
kagutom	k a ɡ u t o m
kagwapa	k a ɡ w a p a
kagwapo	k a ɡ w a p o
kahalang	k a h a l a ŋ
kahayag	k a h a j a ɡ
kahayagan	k a h a j a ɡ a n
kahibalo	k a h i b a l o
kahibalo	k a h i b a w
kahibalo	k a h i b a w o
kahilom	k a h i l o m
kahimuot	k a h i m u ʔ o t
kahoy	k a h o j
kahoyan	k a h o j a n
kahubog	k a h u b o ɡ
kahumot	k a h u m o t
kahusayan	k a h u s a j a n
kaisog	k a ʔ i s o ɡ
kajo	k a d͡ʒ o
kakahoyan	k a k a h o j a n
kakaraanan	k a k a r a ʔ a n a n
kakaw	k a k a w
kalabasa	k a l a b a s a
kalabera	k a l a b e ɾ a
kalag	k a l a ɡ
kalag	k a ɡ
kalagkalag	k a j a ɡ k a j a ɡ
kalagkalag	k a l a ɡ k a l a ɡ
kalagkalag	k a ɡ k a ɡ
kalagpares	k a l a ɡ p a ɾ e s
kalainan	k a l a ʔ i n a n
kalalaohan	k a l a l a ʔ o h a n
kalamansi	k a l a m a n s i ʔ
kalamboan	k a l a m b o ʔ a n
kalambre	k a l a m b ɾ e
kalangitan	k a l a ŋ i t a n
kalasag	k a l a s a ɡ
kalasag	k a s a ɡ
kalaskas	k a l a s k a s
kalatkat	k a l a t k a t
kalayo	k a d͡ʒ o
kalayo	k a j a j o
kalayo	k a j o
kalayo	k a l a d͡ʒ o ʔ
kalayo	k a l a j o
kalayo	k a l a j o ʔ
kaldero	k a l d e ɾ o
kalentura	k a l e n t u ɾ a
kalibang	k a l i b a ŋ
kalibangan	k a l i b a ŋ a n
kalibotan	k a l i b o t a n
kalihim	k a l i h i m
kalima	k a l̪ i m a
kalinaw	k a l i n a w
kalingawan	k a l i ŋ a w a n
kalipay	k a l i p a j
kalis	k a l i s
kaliwat	k a l i w a t
kaliwatan	k a l i w a t a n
kalo	k a l o ʔ
kalos	k a l o s
kalos	k a w o s
kalsada	k a l s a d a
kaluha	k a l u h a
kaluhaan	k a l u h a ʔ a n
kaluhaan	k a w h a ʔ a n
kaluhaan	k a w u h a ʔ a n
kalundan	k a l u n d a n
kaluoy	k a l u ʔ o j
kamagong	k a m a ɡ o ŋ
kamalig	k a m a l i ɡ
kamangyan	k a m a ŋ j a n
kamantigi	k a m a n t i ɡ i
kamao	k a m a ʔ o
kamatayon	k a m a t a d͡ʒ o n
kamatayon	k a m a t a j o n
kamatis	k a m a t i s
kamatuoran	k a m a t u ʔ o ɾ a n
kamatyonon	k a m a t j o n o n
kambras	k a m b ɾ a s
kami	k a m i
kamkam	k a m k a m
kamlas	k a m l a s
kamo	k a m o
kamot	k a m o t
kamote	k a m o t e
kampana	k a m p a n a ʔ
kampanaryo	k a m p a n a ɾ j o
kampanilya	k a m p a n i l j a
kamparang	k a m p a ɾ a ŋ
kampeyonato	k a m p e j o n a t o
kamras	k a m ɾ a s
kamunggay	k a m u ŋ ɡ a j
kamuning	k a m u n i ŋ
kana	k a n a ʔ
kanako	k a n a k o ʔ
kanato	k a n a t o ʔ
kandila	k a n d i l a
kanding	k a n d i ŋ
kang	k a ŋ
kangitngit	k a ŋ i t ŋ i t
kani	k a n i
kanibalismo	k a n i b a l i s m o
kanimo	k a n i m o
kansiyon	k a n s i j o n
kanta	k a n t a
kanto	k a n t o
kanunay	k a n u n a j
kanyon	k a n j o n
kaon	k a ʔ o n
kapa	k a p a ʔ
kapait	k a p a i t
kapalaran	k a p a l a ɾ a n
kapanganuran	k a p a ŋ a n u ɾ a n
kapay	k a p a j
kapayas	k a p a j a s
kapinyahan	k a p i n j a h a n
kapitalismo	k a p i t a l i s m o
kapitalista	k a p i t a l i s t a
kapito	k a p i t̪ o
kapitoan	k a p i t o ʔ a n
kapitolyo	k a p i t o l j o
kapoy	k a p o j
kapritso	k a p ɾ i t s o
kapuloan	k a p u l o ʔ a n
kapulongnan	k a p u l o ŋ n a n
kapunawan	k a p u n a w a n
kaputol	k a p u t o l
kaputol	k a p u t̪ o l̪
karaan	k a ɾ a a n
karaho	k a ɾ a h o
karas	k a ɾ a s
karbon	k a ɾ b o n
kargaburo	k a ɾ ɡ a b u ɾ o
kargador	k a ɾ ɡ a d o ɾ
kari	k a ɾ i
karinyo	k a ɾ i n j o
karmelitos	k a ɾ m e l i t o s
karnabal	k a ɾ n a b a l
karnero	k a ɾ n e ɾ o
karon	k a ɾ o n
karpa	k a ɾ p a
karpentero	k a ɾ p e n t e ɾ o
karpet	k a ɾ p e t
karsada	k a ɾ s a d a
karwahe	k a r w a h e
kasadpan	k a s a d p a n
kasag	k a s a ɡ
kasamtangan	k a s a m t a ŋ a n
kasangga	k a s a ŋ ɡ a ʔ
kasaypanan	k a s a j p a n a n
kasilag	k a s i l a ɡ
kasili	k a s i l i
kasilyas	k a s i l j a s
kasingkasing	k a s i ŋ k a s i ŋ
kasitas	k a s i t a s
kasiyam	k a s̪ i j ʌ m
kasiyaman	k a s i d͡ʒ a m a n
kasiyaman	k a s i j a m a n
kaskas	k a s k a s
kaso	k a s o
kaspa	k a s p a
kastigo	k a s t i ɡ o
kasubo	k a s u b o ʔ
kasulya	k a s u l j a
kasundalohan	k a s u n d a l o h a n
kasya	k a s j a
katabang	k a t a b a ŋ
katahap	k a t a h a p
katahom	k a t a h o m
katakos	k a t a k o s
kataposan	k a t a p o s a n
katarak	k a t a ɾ a k
katarata	k a t a ɾ a t a
katawa	k a t a w a
katawhan	k a t a w h a n
kategoriya	k a t e ɡ o ɾ i j a
katig	k a t i ɡ
katigayonan	k a t i ɡ a j o n a n
katkat	k a t k a t
katloan	k a t l o ʔ a n
katmon	k a t m o n
kato	k a t o
katol	k a t o l
katorse	k a t o ɾ s e
katre	k a t ɾ e
katulo	k a t̪ ɔ l ʊ
katulog	k a t u l o ɡ
katungdanan	k a t u ŋ d a n a n
katunggan	k a t u ŋ ɡ a n
katunhayan	k a t u n h a j a n
katuod	k a t u ʔ o d
katupad	k a t u p a d
kauban	k a ʔ u b a n
kaubanan	k a ʔ u b a n a n
kaugalingnan	k a ʔ u ɡ a l i ŋ n a n
kaugalingon	k a ʔ u ɡ a l i ŋ o n
kaugmaon	k a ʔ u ɡ m a ʔ o n
kaulaw	k a ʔ u l a w
kaulaw	k a ʔ u w a w
kaumagdan	k a w m a ɡ d a n
kaumahan	k a ʔ u m a h a n
kaumhan	k a ʔ u m h a n
kaunom	k a ʔ u n o m
kaupat	k a ɔ p a t̪
kausa	k a ɔ s a
kauswagan	k a ʔ u s w a ɡ a n
kawaloan	k a w a l o ʔ a n
kawanangan	k a w a n a ŋ a n
kawat	k a w a t
kawatan	k a w a t a n
kawayan	k a w a j a n
kawayanan	k a w a j a n a n
kawit	k a w i t
kawras	k a w ɾ a s
kay	k a j
kayas	k a d͡ʒ a s
kayas	k a j a s
kayat	k a d͡ʒ a t
kayat	k a j a t
kayata	k a j a t a
kaymito	k a j m i t o
kayo	k a j o
kendi	k e n d i
keso	k e s o
kidya	k i d j a
kikik	k i k i k
kilat	k i l a t
kilay	k i l a j
kilokilo	k i l o k i l o
kilomkilom	k i l o m k i l o m
kilumkilom	k i l u m k i l o m
kinaadman	k i n a ʔ a d m a n
kinabuhi	k i n a b u h i ʔ
kinahanglan	k i n a h a ŋ l a n
kinamaguwangan	k i n a m a ɡ u a ŋ a n
kinapusuran	k i n a p u s u ɾ a n
kinasingkasing	k i n a s i ŋ k a s i ŋ
kinatawo	k i n a t a w o
kinatulgan	k i n a t u l ɡ a n
kinaunahan	k i n ʌ u n a h ʌ n
kinaunahan	k ɪ n a ʊ n a h a n
kinawalogan	k i n a w a l o ɡ a n
kinhas	k i n h a s
kinhason	k i n h a s o n
kini	k i n i
kinsa	k i n s a
kinse	k i n s e
kinsena	k i n s e n a
kiri	k i ɾ i
kisame	k i s a m e
kisami	k i s a m i
kita	k i t a
kita	k i t a ʔ
kitab	k i t a b
kitiw	k i t i w
kitkit	k i t k i t
klaro	k l a ɾ o
klinik	k l i n i k
klinika	k l i n i k a
kliyente	k l i j e n t e
ko	k o
kobra	k o b ɾ a
kobrador	k o b ɾ a d o ɾ
kodak	k o d a k
kokak	k o k a k
kolehiyo	k o l e h i j o
kolera	k o l e ɾ a
kolor	k o l o ɾ
kombensyon	k o m b e n s j o n
kombento	k o m b e n t o
kombida	k o m b i d a
komedyana	k o m e d j a n a
komedyano	k o m e d j a n o
komedyante	k o m e d j a n t e
komemorasyon	k o m e m o ɾ a s j o n
komentarista	k o m e n t a ɾ i s t a
komentaryo	k o m e n t a ɾ j o
komite	k o m i t e
komo	k o m o
kompetisyon	k o m p e t i s j o n
kompleto	k o m p l e t o
komportable	k o m p o ɾ t a b l e
komposisyon	k o m p o s i s j o n
komun	k o m u n
komunista	k o m u n i s t a
kondensada	k o n d e n s a d a
koneho	k o n e h o
kongkreto	k o ŋ k ɾ e t o
kongresista	k o n ɡ ɾ e s i s t a
kongreso	k o n ɡ ɾ e s o
konkreto	k o n k ɾ e t o
konsagrasyon	k o n s a ɡ ɾ a s j o n
konseho	k o n s e h o
konsensiya	k o n s e n s i a
konsensya	k o n s e n s j a
konsolasyon	k o n s o l a s j o n
konsorte	k o n s o ɾ t e
konsumidor	k o n s u m i d o ɾ
kontador	k o n t a d o ɾ
kontento	k o n t e n t o
kontrabando	k o n t ɾ a b a n d o
kooperasyon	k o o p e ɾ a s j o n
korason	k o ɾ a s o n
kordero	k o ɾ d e ɾ o
kosina	k o s i n a
kosinera	k o s i n e ɾ a
kosinero	k o s i n e ɾ o
kotse	k o t s e
krayola	k ɾ a j o l a
krayon	k ɾ a j o n
kristo	k ɾ i s t o
kropek	k ɾ o p e k
kubalan	k u b a l a n
kubalon	k u b a l o n
kubkob	k u b k o b
kubos	k u b o s
kubot	k u b o t
kubtanan	k u b t a n a n
kudeta	k u d e t a
kudkoran	k u d k o ɾ a n
kudyapi	k u d j a p i
kugaw	k u ɡ a w
kughal	k u ɡ h a l
kugita	k u ɡ i t a
kugmo	k u ɡ m o
kugmohon	k u ɡ m o h o n
kugon	k u ɡ o n
kugos	k u ɡ o s
kugtong	k u ɡ t o ŋ
kuha	k u h a ʔ
kuhaanan	k u h a ʔ a n a n
kuhit	k u h i t
kujaji	k u d͡ʒ a d͡ʒ i
kuko	k u k o
kukok	k u k o k
kulago	k u l a ɡ o ʔ
kulangot	k u l a ŋ o t
kuli	k u l i ʔ
kulianon	k u l i ʔ a n o n
kulkog	k u l k u ɡ
kulkog	k ʊ l k ʊ ɡ
kulkol	k u l k o l
kulob	k u l o b
kulugpos	k u l u ɡ p u s
kulugpos	k ʊ l ʊ ɡ p ʊ s
kulukabildo	k u l̪ u k a b i l̪ d̪ o
kumagat	k u m a ɡ a t
kumagko	k u m a ɡ k o ʔ
kumalagko	k u m a l a ɡ k o ʔ
kumalagko	k u m a ɡ k o ʔ
kumusta	k u m u s t a
kupo	k u p o ʔ
kupos	k u p o s
kupot	k u p o t
kuratsa	k u ɾ a t s a
kurba	k u ɾ b a
kurus	k u ɾ u s
kuryente	k u ɾ j e n t e
kusgan	k u s ɡ a n
kusina	k u s i n a
kusisang	k u s i s a ŋ
kusog	k u s o ɡ
kutana	k u t a n a
kutas	k u t a s
kuting	k u t i ŋ
kutis	k u t i s
kutkot	k u t k o t
kuto	k u t o
kutsara	k u t s a ɾ a
kutsaron	k u t s a ɾ o n
kutsilyo	k u t s i l j o
kutsitsa	k u t s i t s a
kuwadrilyon	k u w a d ɾ i l j o n
kuwang	k u w a ŋ
kuwarenta	k u w a ɾ e n t a
kuwarta	k u a ɾ t a
kuwartahan	k u w a ɾ t a h a n
kuwatro	k u a t ɾ o
kuweba	k u w e b a
kuwenta	k u w e n t a
kuwintas	k u i n t a s
kuwintilyon	k u w i n t i l j o n
kuwitis	k u i t i s
kuyap	k u j a p
kuyba	k u i b a
kuyog	k u j o ɡ
kwarta	k w a ɾ t a
kwelyo	k w e l j o
kwestyonable	k w e s t j o n a b l e
kyawkyaw	k j a w k j a w
laag	l a ʔ a ɡ
laagan	l a ʔ a ɡ a n
laba	l a b a
labaha	l a b a h a
laban	l a b a n
labandera	l a b a n d e ɾ a
labandero	l a b a n d e ɾ o
labanos	l a b a n o s
labaw	l a b a w
labay	l a b a j
labender	l a b e n d e ɾ
labhan	l a b h a n
labnot	l a b n o t
labong	l a b o ŋ
labot	l a b o t
labuyo	l a b u j o ʔ
laga	l a ʔ ɡ a ʔ
lagaw	l a ɡ a w
lagay	j a ɡ a j
lagay	l a ɡ a j
lagdasan	l a ɡ d̪ a s a n
lagingling	l a ɡ i ŋ l i ŋ
lagkaw	l a ɡ k a w
lagos	l a ɡ o s
laguna	l a ɡ u n a
lagutmon	l a ɡ u t m o n
lagutom	l a ɡ u t o m
lahar	l a h a ɾ
lahing	l a h i ŋ
lain	l a ʔ i n
lakang	l a k a ŋ
lakat	l a k a t
lakatan	l a k a t a n
lakaw	l a k a w
laki	l a k i
laksa	l a k s a ʔ
laksot	l a k s o t
lala	j a j a
lala	l̪ a
lala	l̪ a l̪ a
lalag	l a l a ɡ
lalaki	l a l a k i
lalao	l a l a ʔ o
lalat	l a l a t
lalawigan	l a l a w i ɡ a n
lali	l a l i ʔ
lalom	l a l o m
lamak	l a m a k
lamakan	l a m a k a n
lambong	l a m b o ŋ
lamdaman	l a m d a m a n
lami	l a m i ʔ
lamok	l a m o k
lamparilya	l a m p a ɾ i l j a
lampin	l a m p i n
lampinig	l a m p i n i ɡ
lana	l a n a
landing	l a n d i ŋ
landinganan	l a n d i ŋ a n a n
landong	l a n d o ŋ
langaw	l a ŋ a w
langgam	l a ŋ ɡ a m
langit	l a ŋ i t
langitnon	l a ŋ i t n o n
langob	l a ŋ o b
langoy	l a ŋ o j
langoyanan	l a ŋ o j a n a n
lanot	l̪ a n̪ o t̪
lansa	l a n s a
lansang	l a n s a ŋ
lansaro	l a n s a ɾ o
lansarohon	l a n s a ɾ o h o n
lansones	l a n s o n e s
lansyaw	l a n s j a w
laog	l a ʔ o ɡ
laom	l a ʔ o m
lapa	l̪ a p a ʔ
lapad	l a p a d
lapas	l a p a s
lapida	l a p i d a
lapinig	l a p i n i ɡ
lapis	l a p i s
lapok	l a p o k
lapot	l a p o t
laraw	l a ɾ a w
larawan	l a ɾ a w a n
largabista	l a ɾ ɡ a b i s t a
lasang	l a s a ŋ
lasaw	l a s a w
laslas	l a s l a s
lastiko	l a s t i k o
latid	l a t i d
lawas	l a w a s
laway	l a w a j
lawayan	l a w a j a n
lawgaw	l a w ɡ a w
lawig	l a w i ɡ
lawin	l a w i n
lawis	l a w i s
lawod	l a w o d
lawting	l a w t i ŋ
laya	l a j a ʔ
layag	l a j a ɡ
layas	l a j a s
layat	l a d͡ʒ a t
layat	l a j a t
layo	j a j o ʔ
layo	l a d͡ʒ o ʔ
layo	l a j o ʔ
legalisasyon	l e ɡ a l i s a s j o n
lehislasyon	l e h i s l a s j o n
lehislatura	l e h i s l a t u ɾ a
letse	l e t s e
letsonan	l e t s o n a n
libak	l i b a k
libang	l i b a ŋ
libo	l i b o
libod	l i b o d
libog	l i b o ɡ
libot	l i b o t
libre	l i b ɾ e
libro	l i b ɾ o
lider	l i d e ɾ
ligid	l i ɡ i d
lihay	l i h a j
likay	l i k a j
liko	l i k o ʔ
likod	l i k o d
lilas	l i l a s
lima	l i m a
limbong	l i m b o ŋ
limonsito	l i m o n s i t o
limpiyado	l i m p i a d o
limpyado	l i m p j a d o
limpyo	l i m p j o
limugmog	l i m u ɡ m o ɡ
linaki	l i n a k i
linaw	l i n a w
lingaw	l i ŋ a w
linghod	l i ŋ h o d
lingkod	l i ŋ k o d
lingkoranan	l i ŋ k o ɾ a n a n
liningkoran	l i n i ŋ k o ɾ a n
linkoranan	l i n k o ɾ a n a n
linog	l i n o ɡ
linti	l i n t i ʔ
linuto	l i n u t o ʔ
liog	l i ʔ o ɡ
lipay	l i p a j
lisensiya	l i s e n s i j a
lisensiyado	l i s e n s i a d o
lisensya	l i s e n s j a
lisensyado	l i s e n s j a d o
liso	l i s o
lisod	l i s o d
lista	l i s t a
listahan	l i s t a h a n
litaniya	l i t a n i j a
litrato	l i t ɾ a t o
litsonan	l i t s o n a n
liwat	l i w a t
lomboy	j o m b ɔ ɪ
lomboy	l̪ o m b ɔ ɪ
lomo	l o m o
longganisa	l o ŋ ɡ a n i s a
luag	l u ʔ a ɡ
lubid	l u b i d
lubnganan	l u b ŋ a n a n
lubong	l u b o ŋ
lubot	l u b o t
lugaw	l u ɡ a w
lugay	l u ɡ a j
lugaynan	l u ɡ a j n a n
lugi	l u ɡ i ʔ
lugos	l u ɡ o s
luha	l u h a ʔ
luhod	l u h o d
lukdo	l u k d o
lukso	l u k s o
lukton	l u k t o n
lulo	l u l o ʔ
lulod	l u l o d
lumad	l u m a d
lumos	l u m o s
lumpia	l u m p j a
lumponid	l u m p o n i d
luna	l u n a ʔ
lundag	l u n d a ɡ
lunga	l̪ u ŋ a
lungag	l̪ u ŋ a ɡ
lungay	l u ŋ a j
lungayngay	l u ŋ a j ŋ a j
lungib	l u ŋ i b
lungon	l u ŋ o n
lungsod	l u ŋ s o d
lunhaw	l u n h a w
lunod	l u n o d
lunsod	l u n s o d
luom	l u ʔ o m
luoy	l u ʔ o j
lupad	l u p a d
lupog	l u p o ɡ
lupoy	l u p o j
lusay	l u s a j
lusok	l u s o k
lusot	l u s o t
lusotanan	l u s o t a n a n
luta	l u t a
luta	l u t a ʔ
lutahan	l u t a h a n
luto	l u t o
luto	l u t o ʔ
luwa	l u a ʔ
luwaan	l u w a ʔ a n
luwag	l u a ɡ
luwas	l u a s
luya	l u j a
luyo	l u j o
maa	m a
maa	m a ʔ a
maanaa	m a ʔ a n a ʔ a
maanyag	m a ʔ a n j a ɡ
maayo	m a ʔ a d͡ʒ o
maayo	m a ʔ a j o
mabalod	m a b a l o d
mabangis	m a b a ŋ i s
mabdos	m a b d o s
mabolo	m a b o l o
mabuntagan	m a b u n t a ɡ a n
mabuotbuoton	m a b u ʔ u t b u ʔ u t o n
madinugtungdugtongon	m a d i n u ɡ t o ŋ d u ɡ t o ŋ o n
madre	m a d ɾ e
madyong	m a d j o ŋ
maestra	m a e s t ɾ a
maestro	m a e s t ɾ o
magasin	m a ɡ a s i n
magbinuntagay	m a ɡ b i n u n t a ɡ a j
magbinuotan	m a ɡ b i n u ʔ u t a n
magbubuot	m a ɡ b u b u ʔ o t
magdudula	m a ɡ d u d u l a ʔ
magduduwa	m a ɡ d u d u w a ʔ
maghilom	m a ɡ h i l o m
magkabayo	m a ɡ k a b a j o
maglala	m a ɡ l a l a
magpailad	m a ɡ p a ʔ i l a d
magtiayon	m a ɡ t j a j o n
magulang	m a ɡ u l a ŋ
mahal	m a h a l
mahatagon	m a h a t a ɡ o n
mahay	m a h a j
mahilom	m a h i l u m
mahuyang	m a h u j a ŋ
mainom	m a ʔ i n o m
mais	m a ʔ i s
makaduha	m a k a d u h a
makaduha	m ɐ k ɐ d ʊ h ɐ
makahilo	m a k a h i l o
makalima	m ʌ k a l̪ i m a
makanapulo	m ʌ k a n a p u l ʊ ʔ
makaon	m a k a ʔ o n
makapito	m ʌ k a p i t̪ o
makaroni	m a k a ɾ o n i
makasiyam	m ʌ k a s̪ i j ʌ m
makatubol	m a k a t u b o l
makatulo	m a k a t u l o
makatulo	m ɐ k ɐ t ʊ l ʊ
makatunok	m a k a t u n o k
makaunom	m ʌ k a u n ʊ m
makaunom	m ʌ k a ʔ u n ʊ m
makaupat	m a k a ʔ u p a t
makaupat	m ɐ k ɐ ʔ ʊ p ɐ t
makausa	m ʌ k a u s̪ a
makigumaran	m a k i ɡ u m a ɾ a n
makina	m a k i n a
makopa	m a k o p a
mal	m a l
mala	m a l a
malasugi	m a l a s u ɡ i
maldito	m a l d i t o
malinaw	m a l i n a w
malinawon	m a l i n a w o n
malipayon	m a l i p a j o n
malisyoso	m a l i s j o s o
mall	m o l
malukpanon	m a l u k p a n o n
maluya	m a l u j a
mamalaye	m a m a l a j e
mamalayi	m a m a l a j i
mamaligyaay	m a m a l i ɡ j a ʔ a j
mamatayan	m a m a t a j a n
mamati	m a m a t i ʔ
mamukongay	m a m u k o ŋ a j
mamumuno	m a m u m u n o ʔ
man	m a n
mana	m a n a
managatay	m a n a ɡ a t a j
managing	m a n a ɡ i ŋ
manahon	m a n a h o n
manambalay	m a n a m b a l a j
manananggot	m a n a n a ŋ ɡ o t
mananap	m a n a n a p
manang	m a n a ŋ
mananggiti	m a n a ŋ ɡ i t i
manawag	m a n a w a ɡ
manay	m a n a j
manedyer	m a n ɪ d͡ʒ ə ɾ
manedyer	m a n ɪ d͡ʒ ɛ ɾ
manedyer	m a n ɪ d͡ʒ ɪ ɾ
maneho	m a n e h o
mangahoy	m a ŋ a h o j
mangala	m a ŋ a l a
mangayam	m a ŋ a j a m
mangga	m a ŋ ɡ a
manghihilot	m a ŋ h i h i l o t
manghod	m a ŋ h o d
mangtas	m a ŋ t a s
mani	m a n i
manigarilyo	m a n i ɡ a ɾ i l j o
maniobra	m a n j o b ɾ a
maniudto	m a n i ʔ u d t o
manok	m a n o k
manokmanok	m a n o k m a n o k
manong	m a n u ŋ
manoy	m a n u i
mansa	m a n s a
mansanas	m a n s a n a s
mansanitas	m a n s a n i t a s
mantala	m a n t a l a
manumbok	m a n u m b o k
manunubos	m a n u n u b o s
manuyo	m a n u j o ʔ
manyak	m a n j a k
manyakis	m a n j a k i s
mao	m a ʔ o
maong	m a ʔ o ŋ
mapa	m a p a
mapahiyomon	m a p a h i j o m o n
mapintas	m a p i n t a s
marinero	m a ɾ i n e ɾ o
marpil	m a ɾ p i l
martilyo	m a ɾ t i l j o
martsa	m a ɾ t s a
masahe	m a s a h e
masahista	m a s a h i s t a
masanagon	m a s a n a ɡ o n
masareal	m a s̪ a ɾ̪ j a l̪
masetas	m a s e t a s
masetasan	m a s e t a s a n
masetera	m a s e t e ɾ a
masi	m a s i
maskara	m a s k a ɾ a
maskin	m a s k i n
masol	m a s o l
masuso	m a s u s o
masyador	m a s j a d o ɾ
mata	m a t a
matahapon	m a t a h a p o n
matapobre	m a t a p o b ɾ e
matay	m a t a j
mate	m a t e
matinumanon	m a t i n u m a n o n
matso	m a t s o
matulogtulog	m a t u l o ɡ t u l o ɡ
matunok	m a t u n o k
mauswagon	m a ʔ u s w a ɡ o n
may	m a j
maya	m a j a
maya	m a j a ʔ
mayong	m a j o ŋ
mayor	m a j o ɾ
mayta	m a j t a
mekaniko	m e k a n i k o
menor	m i n o ɾ
mensahe	m e n s a h e
menudo	m e n u d o
merkado	m e ɾ k a d o
mesetas	m e s e t a s
mesetasan	m e s e t a s a n
migoy	m i ɡ o j
mika	m i k a ʔ
mikropono	m i k ɾ o p o n o
militarista	m i l i t a ɾ i s t a
milo	m i l̪ o ʔ
minaisan	m i n a ʔ i s a n
minero	m i n e ɾ o
mingaw	m i ŋ a w
mingawon	m i ŋ a w o n
mingming	m i ŋ m i ŋ
mino	m i n o
mintinar	m i n t i n a ɾ
mintras	m i n t ɾ a s
minuto	m i n u t o
misis	m i s i s
miyembro	m i j e m b ɾ o
miyentras	m i j e n t ɾ a s
mobaligya	m o b a l i ɡ j a ʔ
mobuntag	m o b u n t a ɡ
modus	m o d u s
mogawas	m o ɡ a w a s
mohilom	m o h i l o m
mokaon	m o k a ʔ o n
mongha	m o ŋ h a
montura	m o n t u ɾ a h a n
monyeka	m o n j e k a
mopalit	m o p a l i t
moreno	m o ɾ e n o
morpema	m o ɾ p e m a
moskitero	m o s k i t e ɾ o
motor	m o t o ɾ
motorsiklo	m o t o ɾ s i k l o
mudmod	m u d m o d
mulmol	m u l m o l
multa	m u l t a
mumho	m u m h o
munisipyo	m u n i s i p j o
mura	m u ɾ a
murag	m u ɾ a ɡ
muro	m u ɾ o
musta	m u s t a
mutya	m u t j a ʔ
na	n a
naa	n a ʔ a
naga	n a ɡ a
nako	n a k o ʔ
namo	n a m o ʔ
namok	n a m o k
nana	n a n a ʔ
nangka	n a ŋ k a ʔ
naog	n a ʔ o ɡ
naoganan	n a ʔ o ɡ a n a n
napo	n a p o ʔ
napulo	n a p o ʔ
napulo	n a p u l o ʔ
napulo	n a p u w o ʔ
nara	n a ɾ a
nasod	n a s o d
nasyon	n a s j o n
nawong	n a w o ŋ
negra	n e ɡ ɾ a
negro	n e ɡ ɾ o
nepotismo	n e p o t i s m o
nga	ŋ a
ngabil	ŋ a b i l
ngalan	ŋ a l a n
ngano	ŋ a n o
ngihib	ŋ i h i b
ngilo	ŋ i l̪ o
ngipon	ŋ i p o n
ngisi	ŋ i s i
ngislit	ŋ i s l i t
ngislo	ŋ i s l o ʔ
ngitngit	ŋ i t ŋ i t
nguho	ŋ u h o ʔ
ngulngol	ŋ u l ŋ o l
ngutngot	ŋ u t ŋ o t
nigo	n i ɡ o
nila	n i l a
nimo	n i m o
ningtiil	n i ŋ t i ʔ i l
ninjo	n i n d͡ʒ o
ninyo	n i n d͡ʒ o
ninyo	n i n j o
nipa	n i p a ʔ
nipis	n i p i s
niya	n i d͡ʒ a
niya	n i j a
niyebe	n i j e b e
nobenta	n o b e n t a
nukos	n u k o s
nuwebe	n u w e b e
obispo	ʔ o b i s p o
obserbasyon	ʔ o b s e ɾ b a s j o n
og	ʔ u ɡ
okupado	ʔ o k u p a d o
okupar	ʔ o k u p a ɾ
onse	ʔ o n s e
opisina	ʔ o p i s i n a
oportunista	ʔ o p o ɾ t u n i s t a
orasyon	ʔ o ɾ a s j o n
ordinaryo	ʔ o ɾ d i n a ɾ j o
ospital	ʔ o s p i t a l
otap	ʔ o t a p
otin	ʔ o t i n
otsenta	ʔ o t s e n t a
pa	p a
paa	p a ʔ a
paagi	p a ʔ a ɡ i
pabo	p a b o
pabor	p a b o ɾ
pabugnaw	p a b u ɡ n a w
padulong	p a d u l o ŋ
padulong	p a d u ŋ
padulong	p a d uː ŋ
padung	p a d uː ŋ
pagbisita	p a ɡ b i s i t a
pagburos	p a ɡ b u ɾ o s
pagdugang	p a ɡ d u ɡ a ŋ
pagi	p a ɡ i
pagkaanaa	p a ɡ k a ʔ a n a ʔ a
pagkalalaki	p a ɡ k a l a l a k i
pagkamao	p a ɡ k a m a ʔ o
pagkaon	p a ɡ k a ʔ o n
pagkatawo	p a ɡ k a t a w o
pagkuha	p ʌ ɡ k u h a ʔ
paglaom	p a ɡ l a ʔ o m
pagmabdos	p a ɡ m a b d o s
pagpamolitika	p a ɡ p a m o l i t i k a
pagpanagop	p a ɡ p a n a ɡ o p
pagpanigarilyo	p a ɡ p a n i ɡ a ɾ i l j o
pagpuno	p ʌ ɡ p u n ɔ ʔ
pagtuo	p a ɡ t u ʔ o
pagtupad	p a ɡ t u p a d
pahat	p a h a t
pahatanan	p a h a t a n a n
pahayahay	p a h a j a h a j
pahiluna	p a h i l u n a ʔ
pahiyom	p a h i j o m
pahulay	p a h u l a j
pahumot	p a h u m o t
pahutan	p a h u t a n
painit	p a ʔ i n i t
paisano	p a j s a n o
pait	p a ʔ i t
pakal	p a k a l
paklay	p a k l a j
pakol	p a k o l
pakpak	p a k p a k
pakwan	p a k w a n
pakyaw	p a k j a w
palad	p a l a d
palahagok	p a l a h a ɡ o k
palahubog	p a l a h u b o ɡ
palaigit	p a l a ʔ i ɡ i t
palainom	p a l a ʔ i n o m
palaiyot	p a l a j j o t
palaman	p a l a m a n
palandong	p a l a n d o ŋ
palangga	p a l a ŋ ɡ a ʔ
palanggana	p a l a ŋ ɡ a n a
palaran	p a l a ɾ a n
palautog	p a l a w t o ɡ
palda	p a l d a
palibot	p a l i b o t
palihog	p a l i h o ɡ
palihug	p a l i h u ɡ
palis	p a l i s
palit	p a l i t
paliya	p a l i j a
palkonet	p a l k o n e t
palong	p a l o ŋ
palwa	p a l w a
pamahaw	p a m a h a w
pamalaye	p a m a l a j e
pamalayi	p a m a l a j i
pamati	p a m a t i ʔ
pamayot	p a m a j o t
pambata	p a m b a t a
pamilyado	p a m i l j a d o
pamilyar	p a m i l j a ɾ
paminta	p a m i n t a
pampam	p a m p a m
pamuhi	p a m u h i ʔ
pan	p a n
panadera	p a n a d e ɾ a
panadero	p a n a d e ɾ o
panagang	p a n a ɡ a ŋ
panahon	p a n a h o n
panaw	p a n a w
panda	p a n d a
pandak	p a n d a k
panday	p a n d a j
pandesal	p a n d e s a l
pandong	p a n d o ŋ
pangadye	p a ŋ a d j e ʔ
pangagad	p a ŋ a ɡ a d
pangala	p a ŋ a l a
pangalan	p a ŋ a l a n
panganod	p a ŋ a n o d
panganoron	p a ŋ a n o ɾ o n
pangataposan	p a ŋ a t a p o s a n
pangga	p a ŋ ɡ a ʔ
pangguon	p a ŋ ɡ u ʔ o n
panginabuhian	p a ŋ i n a b u h i ʔ a n
pangitik	p a ŋ i t̪ i k
panglawas	p a ŋ l a w a s
panigarilyo	p a n i ɡ a ɾ i l j o
panihapon	p a n i h a p o n
paniudto	p a n i ʔ u d t o
pankeyk	p a n k e j k
pansat	p a n s a t
pantalan	p a n t a l a n
pantalon	p a n t a l o n
pantasma	p a n t a s m a
pantat	p a n t a t
panti	p a n t i
pantihan	p a n t i h a n
pantog	p a n t o ɡ
panulay	p a n u l a j
panultihon	p a n u l t i h o n
panyaspanyas	p a n j a s p a n j a s
panyawan	p a n j a w a n
papel	p a p e l
para	p a ɾ a
paragrap	p a ɾ a ɡ ɾ a p
paraiso	p a ɾ a i s o
parapente	p a ɾ a p e n t e
parapo	p a ɾ a p o
paras	p a ɾ a s
parat	p a ɾ a t
paraw	p a ɾ a w
parayeg	p a ɾ a j e ɡ
pareho	p a ɾ e h o
pari	p a ɾ i ʔ
paril	p a ɾ i l
parkinganan	p a ɾ k i ŋ a n a n
parlamento	p a ɾ l a m e n t o
partisipasyon	p a ɾ t i s i p a s j o n
paryente	p a ɾ j e n t e
pasagad	p a s a ɡ a d
pasaw	p a s a w
pasayan	p a s a d͡ʒ a n
pasayan	p a s a j a n
pasaylo	p a s a j l o
pasi	p a s i ʔ
pasikat	p a s i k a t
pasilidad	p a s i l i d a d
pasipismo	p a s i p i s m o
pasipista	p a s i p i s t a
paso	p a s o
paso	p a s o ʔ
paspas	p a s p a s
pastilan	p a s t i l a n
pastor	p a s t o ɾ
pasyente	p a s j e n t e
patadyong	p a t a d j o ŋ
pataka	p a t a k a ʔ
pataranan	p a t a ɾ a n a n
patay	p a t a j
patilya	p a t i l j a
pating	p a t i ŋ
patis	p a t i s
pato	p a t o
patong	p a t o ŋ
patuka	p a t ɔ k a ʔ
patuka	p a t ɔ k ʌ ʔ
pautang	p a ʔ u t a ŋ
pawikan	p a w i k a n
payag	p a j a ɡ
payapaya	p a j a p a j a
payod	p a j o d
payong	p a d͡ʒ o ŋ
payong	p a j o ŋ
paypay	p a j p a j
pederasyon	p e d e ɾ a s j o n
pelikula	p e l i k u l a
pepino	p e p i n o
perhuwisyo	p e ɾ h u i s j o
periko	p e ɾ i k o
personal	p e ɾ s o n a l
perya	p e ɾ j a
petrolyo	p e t ɾ o l j o
petsa	p e t s a
petsahan	p e t s a h a n
piguratibo	p i ɡ u ɾ a t i b o
pigurin	p i ɡ u ɾ i n
pikit	p i k i t
pikot	p i k o t
pikoy	p i k o j
pila	p i l a
pilak	p i l a k
pilapil	p i l a p i l
pili	p i l i ʔ
pilipog	p i l i p o ɡ
pilit	p i l i t
pilok	p i l o k
pinansyal	p i n a n s j a l
pinggan	p i ŋ ɡ a n
pinisi	p i n i s i ʔ
pinito	p i n i t o
pinulongan	p i n u l o ŋ a n
pinya	p i n j a
pinyahan	p i ɲ a h a n
pirma	p i ɾ m a
pirot	p i ɾ o t
pisikal	p i s i k a l
piskal	p i s k a l
piso	p i s o
pisot	p i s o t
pispis	p i s p i s
pisti	p i s t i
pistola	p i s t o l a
pitik	p i t i k
pitlaw	p i t l a w
pito	p i t o
pitogo	p i t o ɡ o
pitsaanan	p i t s a ʔ a n a n
pitsel	p i t s e l
piyansa	p i a n s a
piyer	p i j e ɾ
piyesta	p i j e s t a
piyong	p i j o ŋ
plangka	p l a ŋ k a
plano	p l a n o
planta	p l a n t a
plantsa	p l a n t s a
plas	p l̪ a s̪
plaslayt	p l a s l a j t
plema	p l e m a
plete	p l e t e
pohon	p o h o n
polbora	p o l b o ɾ a
polbos	p o l b o s
polis	p o l i s
politika	p o l i t i k a
politikanhon	p o l i t i k a n h o n
porsento	p o ɾ s e n t o
porsiyento	p o ɾ s i j e n t o
posporo	p o s p o ɾ o
poste	p o s t e
praktis	p ɾ a k t i s
prebensiyon	p ɾ e b e n s i j o n
prediksyon	p ɾ e d i k s i j o n
preparado	p ɾ e p a ɾ a d o
preparar	p ɾ e p a ɾ a ɾ
presensya	p ɾ e s e n s j a
presidente	p ɾ e s i d e n t e
presko	p ɾ e s k o
presyo	p ɾ e s j o
pribado	p ɾ i b a d o
pribilehiyo	p ɾ i b i l e h i j o
printahanan	p ɾ i n t a h a n a n
priso	p ɾ i s o
prisohan	p ɾ i s o h a n
probinsiya	p ɾ o b i n s j a
problema	p ɾ o b l e m a
programa	p ɾ o ɡ ɾ a m a
propedad	p ɾ o p e d a d
propeta	p ɾ o p e t a
prutas	p ɾ u t a s
puasa	p u ʔ a s a
publikasyon	p u b l i k a s j o n
pudlos	p u d l o s
pudno	p u d n o
puga	p u ɡ a
pugad	p u ɡ a d
pugaran	p u ɡ a ɾ a n
pughak	p u ɡ h a k
pugot	p u ɡ o t
puhon	p u h o n
puhunan	p u h u n a n
pukan	p u k a n
pukaw	p u k a w
puklo	p u k l o
pukot	p u k o t
pukpok	p u k p o k
pula	p u l a
pula	p u w a
pulas	p u l a s
pulbora	p u l b o ɾ a
pulgas	p u l ɡ a s
puling	p u l i ŋ
pulkas	p u l k a s
pulkas	p ʊ l k ɐ s
pulo	p u l o ʔ
pulong	p u l o ŋ
pulta	p u l t a
pultahan	p u l t a h a n
punaw	p u n a w
punda	p u n d a
pundasiyon	p u n d a s i j o n
pundir	p u n d i ɾ
pundo	p u n d o
punerarya	p u n e ɾ a ɾ j a
pungkay	p u ŋ k a j
pungko	p u ŋ k o ʔ
pungkopungko	p u ŋ k o ʔ p u ŋ k o ʔ
pungkoy	p u ŋ k o j
puno	p u n o ʔ
punyal	p u n j a l
punyeta	p u n j e t a
punyete	p u n j e t e
puot	p u ʔ o t
pupa	p u p a
purok	p u ɾ o k
pusgay	p u s ɡ a j
pusil	p u s i l
pusit	p u s i t
puso	p u s o
puso	p u s o ʔ
pusod	p u s o d
puspos	p u s p o s
pusta	p u s t a
puta	p u t a
puti	p u t i ʔ
putli	p u t l i ʔ
puto	p u t o
putol	p u t u l
putos	p u t o s
putot	p u t o t
putyukan	p u t j u k a n
puwa	p u a
puwede	p u w e d e
puyos	p u j o s
pwerta	p w e ɾ t a
ra	ɾ a
rabanos	ɾ a b a n o s
radyo	ɾ a d j o
ragbi	ɾ a ɡ b i
rajah	ɾ a d͡ʒ a
rajah	ɾ a h a
rambol	ɾ a m b o l
rambutan	ɾ a m b u t a n
ransiyo	ɾ a n s i j o
rason	ɾ a s o n
rayban	ɾ e i b a n
rayna	ɾ a j n a
reaksiyon	ɾ e ʔ a k s i j o n
reaksyon	ɾ e a k s j o n
rebaha	ɾ e b a h a
rebelde	ɾ e b e l d e
regadera	ɾ e ɡ a d e ɾ a
regalo	ɾ e ɡ a l o
rekomendar	ɾ e k o m e n d a ɾ
relasyon	ɾ e l a s j o n
relikyas	ɾ e l i k j a s
relo	ɾ e l o
relokasyon	ɾ e l o k a s j o n
reorganisar	ɾ e ʔ o ɾ ɡ a n i s a ɾ
reporma	ɾ e p o ɾ m a
resibo	ɾ e s i b o
resolbar	ɾ e s o l b a ɾ
reyalista	ɾ e j a l i s t a
rido	ɾ i d o ʔ
risgo	ɾ i s ɡ o
rolyo	ɾ o l j o
rosaryo	ɾ o s a ɾ j o
rosquillos	ɾ̪ o s̪ k i l̪ j o s̪
rubi	ɾ u b i
rugby	ɾ a ɡ b i
ruler	ɾ u l e ɾ
sa	s a
sa	s a ʔ
sa	s aː
sa	s aː ʔ
saad	s a ʔ a d
sabak	s a b a k
sabat	s a b a t
sabaw	s a b a w
sablay	s a b l a j
sabon	s a b o n
sabong	s a b o ŋ
sabot	s a b o t
sabsab	s a b s a b
sabwag	s a b w a ɡ
sagang	s a ɡ a ŋ
sagbot	s a ɡ b o t
saging	s a ɡ i ŋ
sagop	s a ɡ o p
sagrado	s a ɡ ɾ a d o
sain	s a ʔ i n
saka	s a k a
sakate	s a k a t e
sakay	s a k a j
sakayan	s a k a j a n
sakayanan	s a k a j a n a n
sakayanon	s a k a j a n o n
sakhangin	s a k h a ŋ i n
sakit	s a k i t
sako	s a k o
saksak	s a k s a k
saksi	s a k s i
sakto	s a k t o
sakyanan	s a k j a n a n
sala	s a l a
sala	s a l a ʔ
salabay	s a l a b a j
salabotan	s a l a b o t a n
salag	s a l a ɡ
salakot	s a l a k o t
salampati	s a l a m p a t i
salan	s a l a n
salapi	s a l a p i ʔ
salatan	s a l a t a n
salbabida	s a l b a b i d a
salida	s a l i d a
salikwaot	s a l i k w a ʔ o t
salimbagat	s a l i m b a ɡ a t
saliot	s a l j o t
salir	s a l i ɾ
salog	s a l o ɡ
salom	s a l o m
saluwal	s a l u w a l
samad	s a m a d
sambag	s a m b a ɡ
samin	s a m i n
sampay	s a m p a j
sampol	s a m p o l
sampot	s a m p o t
sampurado	s a m p u ɾ a d o
samsam	s a m s a m
samsuy	s a m s u i
sanag	s a n a ɡ
sandayong	s a n d a j o ŋ
sandiya	s a n d i j a
sanga	s a ŋ a
sangaganan	s a ŋ a ɡ a n a n
sangay	s a ŋ a j
sangga	s a ŋ ɡ a ʔ
sanggano	s a ŋ ɡ a n o
sanggot	s a ŋ ɡ o t
sanggumay	s a ŋ ɡ u m a j
sanglit	s a ŋ l i t
sano	s a n o
santilmo	s a n t i l m o
santol	s a n t o l
saong	s a ʔ o ŋ
sapa	s a p a ʔ
sapal	s a p a l
sapatos	s a p a t o s
sapi	s a p ɪ ʔ
sapot	s̪ a p o t̪
sapot	s̪ a p o ʔ t̪
sardinas	s a ɾ d i n a s
saro	s a ɾ o
sarsa	s a ɾ s a
sarsahanan	s a ɾ s a h a n a n
sawa	s a w a
sawog	s a w o ɡ
sawsaw	s a w s a w
sawsawan	s a w s a w a n
saya	s a j a
sayal	s a j a l
sayaw	s a d͡ʒ a w
sayaw	s a j a w
sayawanan	s a j a w a n a n
saybit	s a j b i t
saydwok	s a j d w o k
sayhanan	s a j h a n a n
saylo	s a j l o
sayod	s a j o d
sayop	s a j o p
saysay	s a j s a j
saysenta	s a j s e n t a
sedula	s e d u l a
segurado	s e ɡ u ɾ a d o
seguro	s e ɡ u ɾ o
sekondarya	s e k o n d a ɾ j a
seksyon	s e k s j o n
sekundarya	s e k u n d a ɾ j a
selpon	s e l p o n
semana	s e m a n a
sementeryo	s e m e n t e ɾ j o
semento	s e m e n t o
semester	s e m e s t e ɾ
semilya	s e m i l j a
senado	s e n a d o
sensilyo	s e n s i l j o
sensiyo	s e n s i d͡ʒ o
sensiyo	s e n s i j o
sentido	s e n t i d o
senyora	s e n j o ɾ a
sepulturero	s e p u l t u ɾ e ɾ o
serado	s e ɾ a d o
serbesa	s e ɾ b e s a
seremonyas	s e ɾ e m o n j a s
serenata	s e ɾ e n a t a
serye	s e ɾ j e
setenta	s e t e n t a
shakoy	ʃ aː k o ɪ̯
sibat	s i b a t
sibilyan	s i b i l j a n
sibsibanan	s i b s i b a n a n
sibuyas	s i b u d͡ʒ a s
sibuyas	s i b u j a s
sibya	s i b j a
sida	s i d a
sidlakan	s i d l a k a n
sigarilyo	s i ɡ a ɾ i l j o
sigay	s̪ i ɡ a ɪ
sige	s i ɡ e
siglo	s i ɡ l o
sijam	s i d͡ʒ a m
sikaduha	s̪ i k a d̪ u h a
sikat	s i k a t
sikatulo	s̪ i k a t̪ u l o
sikatulo	s̪ i k a t̪ u l ɔ
sikil	s i k i l
sikmol	s i k m o l
siko	s i k o
sikwate	s i k w a t e
sila	s i l a
silhig	s i l h i ɡ
sili	s i l i
silong	s i l o ŋ
simba	s i m b a
simbahan	s i m b a h a n
simbako	s i m b a k o
simbasimba	s i m b a s i m b a
simplipikasyon	s i m p l i p i k a s j o n
sinaw	s i n a w
sindikato	s i n d i k a t o
sinehan	s i n e h a n
singin	s i ŋ i n
singking	s i ŋ k i ŋ
singko	s i ŋ k o
singkohan	s i ŋ k o h a n
singot	s i ŋ o t
singtanon	s i ŋ t a n o n
sinina	s i n i n a ʔ
sino	s i n o
sinugdanan	s i n u ɡ d a n a n
sinumbagay	s i n u m b a ɡ a j
siomai	s i j o m a j
sipat	s̪ i p a t̪
sipres	s i p ɾ e s
sirado	s i ɾ a d o
sirang	s i ɾ a ŋ
sirkulasyon	s i ɾ k u l a s j o n
sityo	s i t j o
siya	s i a
siya	s i d͡ʒ a
siya	s i j a
siyagit	s i a ɡ i t
siyakoy	s j a k o j
siyam	s i a m
siyam	s i d͡ʒ a m
siyento	s i j e n t o
siyudad	s i j u d a d
skylab	s k a j l a b
slogan	s l o ɡ a n
solusyon	s o l u s j o n
soneto	s o n e t o
sosyalismo	s o s j a l i s m o
suba	s u b a ʔ
subang	s u b a ŋ
subangan	s u b a ŋ a n
subangsubang	s u b a ŋ s u b a ŋ
subasko	s u b a s k o
subida	s u b i d a
subo	s u b o ʔ
suborno	s u b o ɾ n o
sudlay	s u d l a j
sudlaya	s u d l a j a
suga	s u ɡ a ʔ
sugal	s u ɡ a l
sugalan	s u ɡ a l a n
sugarol	s u ɡ a ɾ o l
sugdanan	s u ɡ d a n a n
sugi	s u ɡ i
sugibuhi	s u ɡ i b u h i ʔ
sugilagming	s u ɡ i l a ɡ m i ŋ
sugilambong	s u ɡ i l a m b o ŋ
sugilandong	s u ɡ i l a n d o ŋ
sugilanon	s u ɡ i l a n o n
sugod	s u ɡ o d
suhestyon	s u h e s t j o n
suhol	s u h o l
suholan	s u h o l a n
suka	s u k a
suka	s u k a ʔ
sukdan	s u k d a n
sukli	s u k l i ʔ
suklianan	s u k l i ʔ a n a n
suko	s u k o ʔ
sukol	s u k o l
suksokanan	s u k s o k a n a n
sula	s u l a
sula	s u l a ʔ
sulang	s u l a ŋ
sulat	s u l a t
sulay	s u l a j
sulo	s u l o ʔ
sulod	s u d
sulod	s u j o d
sulod	s u l o d
sulog	s u l o ɡ
sulom	s̪ u j o m
sulom	s̪ u l̪ o m
sulom	s̪ u m
sulsol	s u l s o l
sultaob	s u l t a ʔ o b
sumbag	s u m b a ɡ
sundalo	s u n d a l o
sundalo	s u n d a w o
sundang	s u n d a ŋ
sundawo	s u n d a w o
sungay	s u ŋ a j
sunoy	s u n o j
suntok	s u n t o k
suntokay	s u n t o k a j
suod	s u ʔ o d
suot	s u ʔ o t
supsop	s u p s o p
sura	s u ɾ a
suroy	s u ɾ o j
suroyanan	s u ɾ o j a n a n
susi	s u s i
susmarisep	s u s m a ɾ i s e p
susmaryosep	s u s m a ɾ j o s e p
suspek	s u s p e k
sutil	s u t i l
sutukil	s u t u k i l
suwang	s u w a ŋ
suwat	s u w a t
suway	s u a j
suweldo	s u w e l d o
suwerte	s w e ɾ t e
suya	s u j a ʔ
suyak	s u j a k
suyakan	s u j a k a n
swapang	s w a p a ŋ
swerte	s w e ɾ t e
ta	t a
taas	t a ʔ a s
tabako	t a b a k o ʔ
tabang	t a b a ŋ
tabay	t a b a j
tabigi	t a b i ɡ i ʔ
tabilawan	t a b i l a w a n
tabili	t a b i l i
tabilikod	t a b i l i k o d
tabliya	t a b l i j a
tabugok	t a b u ɡ o k
tadtad	t a d t a d
taga	t a ɡ a
taga	t a ɡ a ʔ
tagabukid	t a ɡ a b u k i d
tagad	t a ɡ a d
tagam	t a ɡ a m
tagaw	t a ɡ a w
tagay	t a ɡ a j
tagbo	t a ɡ b o ʔ
tagboanan	t a ɡ b o a n a n
taghoy	t a ɡ h o j
tagimtim	t a ɡ i m t i m
tagiptip	t a ɡ i p t i p
tagluyoan	t a ɡ l u j u ʔ a n
tagna	t a ɡ n a ʔ
tagohipos	t a ɡ o h i p o s
tagok	t a ɡ o k
tagurha	t a ɡ u ɾ h a
tahap	t a h a p
tahaw	t a h a w
tahi	t a h i ʔ
taho	t a h o ʔ
tahod	t̪ a h o d̪
tahod	t̪ a h o d̪ ʔ
tahom	t a h o m
tahop	t a h o p
tai	t a ʔ i
taichi	t a j t s i
takdol	t a k d o l
takig	t a k i ɡ
takilya	t a k i l j a
taklob	t a k l o b
tako	t a k o ʔ
takob	t a ŋ k o b
takos	t a k o s
takwal	t a k w a l
talaadlawan	t a l a a d l a w a n
talaba	t a l a b a
talamdan	t a l a m d a n
talaw	t a l a w
talawan	t a l a w a n
talay	t a l a j
tali	t a l i
tali	t a l i ʔ
talibong	t a l i b o ŋ
talikala	t a l i k a l a
talong	t a l o ŋ
talong	t a w o ŋ
taludtod	t a l u d t o d
tambal	t a m b a l
tambalan	t a m b a l a n
tambalanan	t a m b a l a n a n
tambaloslos	t a m b a l o s l o s
tamban	t a m b a n
tambangan	t a m b a ŋ a n
tambis	t a m b i s
taming	t a m i ŋ
tampohay	t a m p o h a j
tamsi	t a m s i
tanaman	t a n a m a n
tanan	t a n a n
tanga	t a ŋ a
tanga	t a ŋ a ʔ
tangad	t a ŋ a d
tanggal	t a ŋ ɡ a l
tanggo	t a ŋ ɡ o
tangigi	t a ŋ i ɡ i
tangis	t a ŋ i s
tangke	t a ŋ k e
tangkil	t a ŋ k i l
tangkilepono	t a ŋ k i l e p o n o
tangkop	t a ŋ k o p
tangkugo	t a ŋ k u ɡ o ʔ
tanglad	t a ŋ l a d
tango	t a ŋ o
tanlag	t a n l a ɡ
tanod	t a n o d
tanom	t a n o m
tanos	t a n o s
tansan	t a n s a n
tanum	t a n u m
taob	t a ʔ o b
taop	t a o p
tapay	t a p a j
tapayan	t a p a j a n
tapik	t a p i k
tapis	t̪ a p i s̪
tapo	t a p o ʔ
tapol	t a p o l
tapolan	t a p o l a n
tapos	t a p o s
tariktik	t a ɾ i k t i k
tasa	t a s a
tasik	t a s i k
tata	t a t a
tata	t a t a ʔ
taudtaod	t a ʔ u d t a ʔ o d
tawa	t a w a
tawag	t a w a ɡ
tawas	t a w a s
tawhanon	t a w h a n o n
tawid	t a w i d
tawo	t a w
tawo	t a w o
tawong	t a w o ŋ
taya	t a j a ʔ
taytay	t a j t a j
telepono	t e l e p o n o
teleponokabildo	t e l e p o n o k a b i l d o
templado	t e m p l a d o
tempura	t e m p u ɾ a
tentasyon	t e n t a s j o n
tenyente	t e n j e n t e
termino	t e ɾ m i n o
terorismo	t e ɾ o ɾ i s m o
terorista	t e ɾ o ɾ i s t a
tesawro	t e s a w ɾ o
tetanos	t e t a n o s
tibugol	t i b u ɡ o l
tigbahin	t̪ i ɡ b a h i n̪
tigbak	t i ɡ b a k
tigbas	t i ɡ b a s
tigdugang	t̪ i ɡ d̪ u ɡ a ŋ
tigdumala	t i ɡ d u m a l a
tigidig	t i ɡ i d i ɡ
tigkuha	t̪ i ɡ k u h a ʔ
tigpilo	t̪ i ɡ p i l̪ o ʔ
tigpuno	t̪ i ɡ p u n o ʔ
tigre	t i ɡ ɾ e
tigulang	t i ɡ u l a ŋ
tiguwang	t i ɡ u w a ŋ
tikanganan	t i k a ŋ a n a n
tikangkang	t i k a ŋ k a ŋ
tiket	t i k e t
tiklo	t i k l o ʔ
tikoy	t i k o j
tilaok	t i l a ʔ o k
tilapya	t i l a p a j a ʔ
tilok	t i l o k
timbang	t i m b a ŋ
timbangan	t i m b a ŋ a n
timog	t i m o ɡ
timonel	t i m o n e l
timonero	t i m o n e ɾ o
tinagdan	t i n a ɡ d a n
tinakumba	t i n a k u m b a
tinapay	t i n a p a j
tinda	t i n d a
tindak	t i n d a k
tindera	t i n d e ɾ a
tindero	t i n d e ɾ o
tindog	t i n d o ɡ
tinemplahan	t i n e m p l a h a n
tingali	t i ŋ a l i
tingkagol	t i ŋ k a ɡ o l
tingkolit	t i ŋ k o l i t
tingkoy	t i ŋ k o j
tingob	t̪ i ŋ o b
tingsi	t i ŋ s i ʔ
tinidor	t i n i d o ɾ
tintal	t i n t a l
tintin	t i n t i n
tinuhoan	t i n u h o ʔ a n
tipas	t̪ i p a s̪
tipasi	t i p a s i ʔ
tipdas	t i p d a s
tipon	t i p o n
tipoy	t i p o j
tirada	t i ɾ a d a
tirador	t i ɾ a d o ɾ
tisoy	t i s o j
titser	t i t s e ɾ
titulo	t i t u l o
tiya	t i j a
tiyan	t i a n
tiyo	t i j o
tokaya	t o k a j a
tokayo	t o k a j o
tokhang	t o k h a ŋ
toma	t o m a ʔ
tomboy	t o m b o j
tono	t o n o
torero	t o ɾ e ɾ o
torjak	t o ɾ d͡ʒ a k
tosilog	t o s i l o ɡ
trabahante	t ɾ a b a h a n t e
trabaho	t ɾ a b a h o
trak	t ɾ a k
trangka	t ɾ a ŋ k a
trangkaso	t ɾ a ŋ k a s o
trapik	t ɾ a p i k
trapiko	t ɾ a p i k o
trato	t ɾ a t o
trayanggulo	t ɾ a j a ŋ ɡ u l o
traynta	t ɾ a j n t a
trese	t ɾ e s e
tribo	t ɾ i b o
trisikad	t ɾ i s i k a d
trono	t ɾ o n o
troso	t ɾ o s o
tsa	t s a
tsampurado	t s a m p u ɾ a d o
tsapa	t͡ʃ a p a
tsatanan	t s a t a n a n
tsay	t s a j
tsinelas	t s i n e l a s
tsinito	t s i n i t o
tsismis	t s i s m i s
tsismosa	t s i s m o s a
tsismoso	t s i s m o s o
tsokolate	t s o k o l a t e
tsokoleyt	t s o k o l e j t
tsoy	t s o j
tsunami	t s u n a m i
tsupa	t s u p a ʔ
tuba	t ʊ b a
tuba	t ʊ b a ʔ
tuberkulosis	t u b e ɾ k u l o s i s
tubig	t u b i ɡ
tubigtubig	t u b i ɡ t u b i ɡ
tubo	t u b o
tubo	t u b o ʔ
tubol	t u b o l
tudlo	t u d l o ʔ
tudtod	t u d t o d
tugas	t u ɡ a s
tugon	t u ɡ o n
tugot	t u ɡ o t
tugpa	t u ɡ p a
tugpahanan	t u ɡ p a h a n a n
tugwayanan	t u ɡ w a j a n a n
tuhod	t u h o d
tuig	t u ʔ i ɡ
tuka	t u k a ʔ
tukar	t u k a ɾ
tukaw	t u k a w
tukisuli	t u k i s u l i
tuko	t u k o ʔ
tukoy	t u k o j
tuktok	t u k t o k
tuktugaok	t u k t u ɡ a ʔ o k
tulak	t u l a k
tulay	t u l a j
tuli	t u l i ʔ
tulis	t u l i s
tulisan	t u l i s a n
tulo	t u l o
tulo	t u l o ʔ
tulod	t u d
tulod	t u l o d
tulod	t u w o d
tulog	t u l o ɡ
tulong	t u l o ŋ
tulos	t u l o s
tulumanon	t u l u m a n o n
tuman	t u m a n
tumatakdol	t u m a t a k d o l
tumba	t u m b a
tumoy	t u m o j
tumpag	t u m p a ɡ
tunaw	t u n a w
tunay	t u n a j
tunga	t u ŋ a ʔ
tungab	t̪ u ŋ a b
tunghaan	t u ŋ h a ʔ a n
tungod	t u ŋ o d
tunok	t u n o k
tunsoy	t u n s o j
tuo	t u ʔ o
tuod	t u ʔ o d
tuohon	t u ʔ o h o n
tuok	t u ʔ o k
tuon	t u ʔ o n
tupad	t u p a d
turismo	t u ɾ i s m o
turista	t u ɾ i s t a
turko	t u ɾ k o
turutot	t u ɾ u t o t
tusok	t u s o k
tutoy	t u t o j
tuwerka	t u w e ɾ k a
tuyo	t u d͡ʒ o ʔ
tuyo	t u j o ʔ
twerka	t w e ɾ k a
ubi	ʔ u b i
ubo	ʔ u b o
udong	ʔ u d o ŋ
udto	ʔ u d t o
udtohan	ʔ u d t o h a n
ug	ʔ u ɡ
uga	ʔ u ɡ a
ugaling	ʔ u ɡ a l i ŋ
ugangan	ʔ u ɡ a ŋ a n
ugat	ʔ u ɡ a t
ugay	ʔ u ɡ a j
ugdo	ʔ u ɡ d o
ugis	ʔ u ɡ i s
ugkay	ʔ u ɡ k a j
ugma	ʔ u ɡ m a ʔ
uhaw	ʔ u h a w
uhong	ʔ u h o ŋ
ukay	ʔ u k a j
uki	ʔ u k i
ulan	ʔ u l a n
ulan	ʔ u w a n
ulang	ʔ u l a ŋ
ulaw	ʔ u d͡ʒ a w
ulaw	ʔ u j a w
ulaw	ʔ u l a w
ulaw	ʔ u w a w
ulayan	ʔ u l a j a n
uli	ʔ u l i ʔ
ulin	ʔ u l i n
uling	ʔ u l i ŋ
ulipon	ʔ u l i p o n
ulo	ʔ u l o
ulod	ʔ u l o d
ulok	ʔ u l o k
ulon	ʔ u l o n
ulonan	ʔ u l o n a n
ulos	ʔ u l o s
uma	ʔ u m a
umaabot	ʔ u m a ʔ a b o t
umagad	ʔ u m a ɡ a d
umahan	ʔ u m a h a n
umalagad	ʔ u m a l a ɡ a d
umang	ʔ u m a ŋ
umhan	ʔ u m h a n
umog	ʔ u m o ɡ
una	u n a
unahan	u n a h ʌ n
unano	ʔ u n a n o ʔ
unauna	u n a u n a
ungo	ʔ u ŋ o ʔ
ungol	ʔ u ŋ o l
unibersidad	ʔ u n i b e ɾ s i d a d
unlan	ʔ u n l a n
unom	ʔ u n o m
unsa	ʔ u n s a
unto	ʔ u n t o
unya	ʔ u n j a ʔ
unyon	ʔ u n j o n
upas	ʔ u p a s
upat	ʔ u p a t
upaw	ʔ u p a w
upo	ʔ u p o
usa	ʔ u s a
usa	ʔ u s a ʔ
usap	ʔ u s a p
uswag	ʔ u s w a ɡ
utan	ʔ u t a n
utang	ʔ u t a ŋ
utangan	ʔ u t a ŋ a n
utanon	ʔ u t a n o n
utaw	ʔ u t a w
utin	ʔ u t i n
utog	ʔ u t o ɡ
utok	ʔ u t o k
utong	ʔ u t o ŋ
utot	ʔ u t o t
uwak	ʔ u w a k
uwan	ʔ u w a n
uwang	ʔ u a ŋ
uyab	ʔ u j a b
uyon	ʔ u j o n
wagas	w a ɡ a s
wail	w a ʔ i l
wakanga	w a k a ŋ a
wala	w a
wala	w a l a
wala	w a l a ʔ
wala	w a ʔ
walay	w a j
walay	w a l a j
wali	w a l i
walo	w a l o
walo	w a w o
walog	w a l o ɡ
wangwang	w a ŋ w a ŋ
watsinanggo	w a t s i n a ŋ ɡ o
wawog	w a w o ɡ
way	w a j
winalo	w i n a l ʊ
winaswasan	w i n a s w a s a n
yabe	j a b e
yads	j a d ʒ
yads	j a d̪ s̪
yagit	j a ɡ i t
yamis	j a m i s
yapyap	j a p j a p
yarda	j a ɾ d a
yate	j a t e
yawa	j a w a
yawe	j a w e
yaya	j a j a
yaya	j a ʔ j a ʔ
yayong	j a j o ŋ
yema	j e m a
yosi	j o s i
yuhom	j u h o m
yukot	j u k o t
